RegionID,SizeRank,RegionName,RegionType,StateName,3/31/2013,4/30/2013,5/31/2013,6/30/2013,7/31/2013,8/31/2013,9/30/2013,10/31/2013,11/30/2013,12/31/2013,1/31/2014,2/28/2014,3/31/2014,4/30/2014,5/31/2014,6/30/2014,7/31/2014,8/31/2014,9/30/2014,10/31/2014,11/30/2014,12/31/2014,1/31/2015,2/28/2015,3/31/2015,4/30/2015,5/31/2015,6/30/2015,7/31/2015,8/31/2015,9/30/2015,10/31/2015,11/30/2015,12/31/2015,1/31/2016,2/29/2016,3/31/2016,4/30/2016,5/31/2016,6/30/2016,7/31/2016,8/31/2016,9/30/2016,10/31/2016,11/30/2016,12/31/2016,1/31/2017,2/28/2017,3/31/2017,4/30/2017,5/31/2017,6/30/2017,7/31/2017,8/31/2017,9/30/2017,10/31/2017,11/30/2017,12/31/2017,1/31/2018,2/28/2018,3/31/2018,4/30/2018,5/31/2018,6/30/2018,7/31/2018,8/31/2018,9/30/2018,10/31/2018,11/30/2018,12/31/2018,1/31/2019,2/28/2019,3/31/2019,4/30/2019,5/31/2019,6/30/2019,7/31/2019,8/31/2019,9/30/2019,10/31/2019,11/30/2019,12/31/2019,1/31/2020,2/29/2020,3/31/2020,4/30/2020,5/31/2020,6/30/2020,7/31/2020,8/31/2020
102001,0,United States,Country,US,183500,187000,195000,205000,205000,203000,197000,196000,194000,200000,190000,189900,195000,198000,204000,210255,210000,210000,203000,200000,204900,207900,200000,200000,207000,210000,217500,223000,220500,218500,215000,211406,215000,220000,210000,208000,215000,219783,225000,230000,229000,228000,225000,225000,226000,229000,222000,222000,227000,231995,235000,245000,240000,240000,237981,235000,237943,240000,235000,238000,243000,245000,249500,255000,250000,249900,245000,244000,245500,248000,243000,242500,250000,253000,260000,265000,262500,260000,256000,255500,258000,260000,254000,259900,265000,267000,264820,272500,284000,285500
753899,2,"Los Angeles-Long Beach-Anaheim, CA",Msa,CA,435000,465000,470000,480000,475000,475000,475000,470000,475000,485000,467500,480000,495000,499000,513503,515000,518000,520000,511250,509500,509000,505000,500000,515500,523000,530000,532000,542000,535000,539000,526000,527500,535000,545000,536250,537500,550000,563000,575000,575000,569000,570000,565000,570000,575000,570000,565000,570000,590000,600000,610000,614000,619000,615000,617000,606000,616500,615000,599000,625000,630000,635000,650000,652000,645000,650000,635000,635000,640000,625000,615000,629000,640000,650000,645000,653500,670000,650000,650000,650000,650000,655000,655000,658000,679000,665000,650000,681500,710000,725000
394463,3,"Chicago, IL",Msa,IL,164000,179000,192000,213750,213000,208500,197500,185400,182000,180000,175000,167000,183000,192500,207500,225000,220000,222500,206000,192500,190000,190000,182000,179000,199000,212000,220000,228500,224900,218000,210000,203000,198000,199000,190000,185995,206250,223000,227750,232000,230000,223000,210000,210000,207500,208000,205500,204000,222500,235000,235000,245000,240000,229700,222000,218000,215000,219875,215000,217500,230000,239000,240000,249900,243000,233000,229000,222000,223000,220000,216000,222000,232500,240000,246000,249500,249000,242000,235000,231000,231250,230000,223000,225000,248000,260000,251000,254000,262000,270000
394514,4,"Dallas-Fort Worth, TX",Msa,TX,170000,179900,183000,188000,190000,185000,180000,178500,177500,181000,169900,178500,185766,187500,195000,204000,201000,200000,190000,190000,194000,200000,189900,197000,206000,214500,220000,225144,220000,217900,210000,210000,209488,215890,203794,215233,225000,228000,239900,245500,237000,238500,234000,235000,237000,240000,232500,244848,250000,254000,265000,264000,256000,258000,250000,250000,252000,260000,246000,255000,265000,265000,275000,280000,274000,267000,260000,257000,258000,264900,249900,259000,267000,269093,280000,283000,277000,275000,270000,270000,270000,275000,265000,273900,280000,285000,280000,290000,300000,300000
394974,5,"Philadelphia, PA",Msa,PA,202621,212100,220000,237000,242250,240000,225000,219900,219950,218000,210500,200000,209000,214000,220000,237305,238802,237859,223000,220000,223250,219500,211000,200000,210000,215950,224000,239000,237700,230000,230000,221850,220000,215000,206750,210000,210000,220000,232595,245000,244505,239900,230000,229627,226000,230000,220000,213000,219900,232500,240000,255000,250000,245000,231000,230000,230000,233450,220000,220000,230000,235000,242000,250000,252000,255000,244000,232750,236700,237000,229000,225000,240000,242821,251000,265000,266000,262400,250000,245000,250000,250000,239550,240000,250000,270000,261250,269000,278000,279900
394692,6,"Houston, TX",Msa,TX,173000,184600,185000,191000,190000,186000,184000,178900,180000,185500,177000,179000,179900,189000,190000,200000,200000,210000,199000,194850,198324,210000,197000,199900,205000,205950,217113,224000,220000,218995,210000,206483,204000,216757,203295,205000,213000,216695,222860,228500,230000,225000,220000,215000,221000,225000,210463,216010,227000,227000,230985,237000,230000,228000,230000,227000,225000,226179,218500,224000,230000,239990,242000,242000,243000,238000,230500,230875,232145,239996,226495,230000,240000,243185,247000,252990,249000,248000,242000,239498,245000,250000,236000,246000,247990,252000,247500,260000,269000,265450
395209,7,"Washington, DC",Msa,DC,355000,362000,383990,394000,390000,380000,365000,364950,365000,372000,359000,355000,362397,370000,397500,393080,400000,388000,365000,370000,369092,385000,360000,361000,380000,385000,399000,391615,389900,380000,379000,369000,375000,375000,355719,365000,365000,388708,395000,399000,390000,385000,377000,379000,372000,390000,373673,370000,375000,399865,407764,410000,409400,399900,384995,382000,385987,400000,380000,385000,399900,410000,419000,419000,415402,409000,397656,395000,399000,410000,388000,395000,410000,416850,427500,425000,425000,419000,400000,400000,420000,417500,389900,415000,435000,440000,432750,435000,460000,450000
394856,8,"Miami-Fort Lauderdale, FL",Msa,FL,175000,185000,195000,205000,209500,210000,205000,199000,209550,210000,200000,195000,210000,205000,227500,235000,235000,230000,225000,230000,230000,233000,227500,226400,234900,230000,245000,250000,250000,245000,240000,232000,235000,250000,235000,235000,237000,242000,250000,258700,255000,251950,258000,255000,254000,258000,250000,250000,255000,260000,263100,280000,270400,275000,269000,260000,270000,270000,265000,265000,278400,274900,280000,290000,280000,280000,280000,280000,284695,281600,270000,272000,283250,280000,285000,298600,293000,290000,286000,294000,296500,295000,290000,295000,305000,310000,310000,318000,325000,335000
394347,9,"Atlanta, GA",Msa,GA,179777,184000,196900,200000,199900,190000,181000,179450,179500,190000,179900,178500,191500,195000,205000,208000,202800,197500,191500,187000,190000,196000,186000,192000,198000,205000,217000,215000,215000,204392,200000,195000,200500,210000,195000,199450,207745,215000,219000,219300,218000,207980,205000,205000,209900,216613,205000,209000,219825,220320,225000,230000,227000,221000,220000,220000,223900,233748,220000,226900,237285,240000,247000,250000,243000,238147,245000,241050,240000,244832,239000,239335,248000,250000,259900,262500,260000,252500,253900,250000,254000,256000,245000,257000,265000,275000,263110,270000,280000,282000
394404,10,"Boston, MA",Msa,MA,320000,340500,352500,377000,373790,370000,349900,348500,350000,355195,359900,330000,347000,352000,368000,395000,385000,381000,355000,350000,359450,370000,369000,349900,355000,371520,384500,400000,401000,399933,365000,365000,382500,375000,375583,347933,370000,390000,400000,425000,420000,410000,395000,380000,402250,395500,400000,383390,410000,413950,427258,442300,439000,432000,417200,415000,425000,425000,416533,418000,440000,450000,453250,480000,475000,465000,435000,435000,445700,426500,444000,430000,437000,450000,479000,488000,480000,475000,450000,450000,450000,455000,456000,456425,481663,500600,495000,510000,520000,529900
395057,11,"San Francisco, CA",Msa,CA,500000,560000,581500,600000,590000,557500,549000,564750,557500,539000,529950,540000,592000,621000,620000,630000,630000,630000,607000,616500,605000,586000,565000,595000,650000,663250,678000,670000,660000,650000,631000,640000,667500,650500,630000,640000,650000,700000,720000,740000,720000,680000,665000,697500,700000,677750,638500,681205,728000,775000,761500,771000,760000,748000,735000,775000,780000,750000,705000,763000,820000,844250,855000,866750,825000,800000,777500,820000,800000,764900,710000,764000,786000,835000,850000,841000,800000,780000,775000,822750,800000,785000,748000,759000,825000,830000,825000,860000,899000,915000
394532,12,"Detroit, MI",Msa,MI,118245,124000,130000,139000,149500,150000,146500,144000,140000,140500,137500,134950,136311,145000,150000,155000,159500,160000,155000,150500,147000,146000,144700,135000,146000,150000,160950,164988,165000,170000,162000,155250,150000,155000,150000,144000,153000,160000,169000,175000,176200,174900,168000,170000,164000,167000,157000,155000,160000,175000,179000,187000,183875,184700,175000,180000,172000,175500,165000,165000,175000,175000,188000,193000,190000,190000,181000,179800,176000,176000,167000,170000,179200,180000,199900,204000,200000,200000,199900,190000,189000,186000,179000,179900,195000,204750,186000,205000,222000,223000
395025,13,"Riverside, CA",Msa,CA,237000,242000,245500,254000,255000,253750,260000,260000,261000,271500,265000,269500,275000,275000,281975,283000,280000,279000,275000,278000,291250,290000,270000,295000,295000,295000,300000,303000,303000,300000,300000,300000,305000,310000,299900,305000,316000,317000,320000,320000,325000,320000,325000,319000,325000,333000,320000,330000,337500,340000,340000,350000,350000,349000,348000,345000,350000,355000,350000,365000,362000,365000,370000,370000,370000,360750,369000,362000,367500,368000,360000,369000,373000,375000,372750,374993,376000,375000,375000,375000,372000,375000,375000,385000,389000,380000,388000,399000,409636,415000
394976,14,"Phoenix, AZ",Msa,AZ,183000,185000,190000,195000,197000,194500,198000,200000,198000,202000,197500,195594,201000,200000,204000,210000,205000,209600,204800,207000,205000,212128,206000,210000,210000,210000,220000,220000,220000,220000,221625,222900,225000,229000,222000,225500,225000,229976,235000,238000,230434,238000,242000,240000,243000,244925,236697,242080,242500,242000,250000,255000,250000,255000,253347,256000,256950,257705,255000,265000,264000,260000,271268,273551,271570,271588,274900,274000,275000,277500,273213,275000,275000,280000,288285,285875,286808,290000,291330,295500,295000,299000,295000,299500,304000,300000,299900,308200,315000,327000
395078,15,"Seattle, WA",Msa,WA,299950,310000,325000,325000,335000,328540,325280,325000,319994,319950,305000,315280,318000,329925,333000,346000,342000,337080,335000,332000,335000,336000,329950,333720,350000,354975,360000,373480,360172,369975,356000,358719,355000,355000,352000,356000,370000,375389,393989,400000,400000,399950,394250,393500,400719,404950,383260,400119,410800,434000,442000,450000,445000,442000,445000,443872,449694,458000,435000,464719,475000,499000,490500,489950,479719,468000,460000,458250,464110,463938,446154,475000,491100,483000,495000,486000,485000,489000,475000,485000,480000,499000,475000,499000,517500,523750,500000,531505,541700,525000
394865,16,"Minneapolis-St Paul, MN",Msa,MN,180500,184900,195000,209000,210900,210000,205000,205000,204000,206000,199999,199000,201500,207000,212500,221515,216363,219900,210000,210000,210000,211000,201579,208000,216000,222500,226000,229000,227700,227000,225000,218000,227000,224900,216000,219900,222000,229900,236000,240000,239000,240000,232500,235000,235000,230000,225000,226666,235738,243000,246900,256000,251000,254900,248000,243500,246967,249900,243706,250000,257000,258000,265000,265000,265000,264000,262500,265000,267500,262726,259000,264900,276000,279900,285000,286959,284900,285000,280000,279995,283000,279900,272900,280000,295000,305000,299500,300000,310000,315000
395056,17,"San Diego, CA",Msa,CA,395000,411000,425000,426500,430000,420000,427750,420000,423500,427750,418000,419000,435000,442000,448057,455000,452000,451500,455000,449000,435000,445000,445000,450000,460000,460000,465500,482000,475250,474000,465000,462500,480000,482000,475000,460000,480000,496000,499000,499000,500250,500000,505000,520000,500000,503000,500000,500000,525000,528000,535500,550000,545000,543250,540000,535000,550000,550000,535000,545000,560000,575000,577000,580000,585000,590000,582500,570000,585000,565000,565000,567750,575000,580000,580000,597000,580000,590000,572000,580000,593000,575000,590000,600000,592000,600000,590000,605000,635000,645000
395121,18,"St. Louis, MO",Msa,MO,147000,150000,153000,166000,164000,160000,155240,155500,152000,155000,149816,142000,146900,152000,160000,171000,165000,162000,155000,157500,155000,155000,146000,149900,155000,156000,165000,171000,169000,167450,160729,160000,155950,159700,152000,150000,160000,163600,174900,182000,173895,171000,167350,169500,165000,169000,164950,163000,167900,170260,179700,185000,185000,177500,180000,172500,178000,176000,165000,172000,175000,181000,189000,192000,188340,186000,179814,175610,175000,183000,175000,173500,179900,182000,195000,205000,194900,197700,185000,189500,188640,187200,180950,176000,187500,195000,210000,207000,215000,214900
395148,19,"Tampa, FL",Msa,FL,144500,138000,149500,160000,160600,160000,157500,156800,154950,163000,149000,149000,157874,155000,165000,169500,170000,170000,167500,171600,164000,170000,160000,162000,170000,170250,175000,182000,184825,176700,182000,175000,175000,182000,170000,175000,180000,185000,189900,195945,193300,195000,189990,190000,194500,199000,188000,190000,198800,199000,206000,213000,213850,210000,210000,205000,214900,214900,205500,210000,217500,217800,220000,229900,225000,223950,225000,220000,227000,229900,220000,223700,225000,225000,228900,235000,235000,235000,233000,232250,233500,240000,230000,234900,240000,247900,246062,252000,257500,260000
394358,20,"Baltimore, MD",Msa,MD,245000,266000,267000,275000,290000,280000,285000,275000,278900,275990,263563,250000,266250,279250,282000,297000,284744,285033,279900,280000,274900,277900,278265,274995,270363,279900,279700,290000,310000,275000,280000,269000,264900,284990,263000,261500,272250,279950,290000,305000,304000,290000,288000,288000,273000,275000,270000,260000,265000,282250,290000,297500,299990,287500,285000,285000,282000,283750,274920,261000,279000,289999,292000,300000,305000,300000,299900,296071,297250,292000,277000,282100,285000,292700,300000,310000,318708,302751,302860,300000,295000,299900,280000,285000,299000,313000,304900,303000,315000,325000
394530,21,"Denver, CO",Msa,CO,270000,273400,275000,279000,280000,271900,266000,265000,261000,268000,262100,260000,275000,282500,285000,288000,289500,278000,278288,281800,285000,292000,295334,296000,319950,315000,320000,327264,315000,315000,312000,316500,323000,324950,324000,335000,349900,350000,365000,372275,362076,354162,350000,356000,356000,364950,360000,365000,380000,385000,385000,395500,387000,380000,375706,384900,380000,395000,395000,405000,410500,424000,422000,425000,419728,415000,405000,409688,409000,409175,405000,407000,417000,425000,430000,425701,432000,427500,423000,427125,425000,420000,422500,429000,440000,440000,440000,447970,459000,460000
394982,22,"Pittsburgh, PA",Msa,PA,135000,141000,145000,151450,149900,148000,144000,138000,135000,135000,128000,127000,137500,140000,142500,151500,152500,153000,142900,140000,135475,144000,139000,135000,144000,145000,150000,157000,158900,155000,145900,143000,145000,150000,139900,138000,145000,153250,155200,165000,160500,160000,155000,153099,152000,150000,147000,146950,150700,157500,167950,170000,170000,168000,160000,160900,163000,155000,152000,155000,165000,163000,168864,182000,175250,174000,168000,159500,162000,165000,159700,160000,169500,169900,177000,192200,185000,189900,175500,173500,175000,174950,160000,160000,175000,186000,185000,190000,199900,199000
394998,23,"Portland, OR",Msa,OR,250000,249925,262000,264000,272175,269838,266000,265000,264000,255000,252964,267000,266500,273619,280000,284669,289900,285000,285000,279310,280000,283612,272110,279810,283000,294475,303000,308190,308000,305000,299250,301000,305000,310000,299900,306000,323000,332250,334000,345000,336000,342870,340000,335500,340000,339900,340000,340000,356625,360005,370000,378390,375000,375000,372000,371000,365000,370000,380090,376000,380000,390000,396075,402000,393250,400000,386188,387108,388000,382000,380000,394995,390035,395300,409950,405000,405000,405000,397000,400000,405000,400000,401450,405000,415000,415000,415000,428000,435000,442000
394458,24,"Charlotte, NC",Msa,NC,177000,177225,185000,197500,192500,192000,181750,184000,189950,191000,175000,178000,189000,189500,198500,205000,202350,192000,194250,186000,189500,195000,176000,189000,200000,199000,204000,218000,206000,205000,197000,190000,210000,201000,186750,195000,205000,208000,214000,226000,221365,224000,215000,215000,224000,219333,213000,209000,225000,231310,228000,245000,240000,229000,229010,230000,232000,245000,225000,233000,238000,245000,245000,257500,247500,250000,240000,243363,250000,253500,235000,245000,254000,255000,264000,270000,265000,255000,258000,250000,251250,262000,245000,256000,270000,269000,257000,275000,282000,287000
395045,25,"Sacramento, CA",Msa,CA,256000,264000,275000,287500,288000,281000,287000,285875,283000,285000,275000,291000,300000,298000,315000,315000,312500,310000,312750,310000,302000,317500,299250,324500,315000,325000,330000,330000,325000,325500,325750,327500,334000,335000,324000,330000,342250,349000,357500,360000,355000,360000,360000,361450,356000,359000,347000,356000,367250,370000,387000,390000,389000,385000,390000,392000,391750,394500,377000,391500,400000,405000,410000,411000,408000,402500,409000,399000,405000,399000,387000,401000,407000,419750,422000,427500,425000,425000,419000,414000,420000,425000,418000,426500,435000,433500,435000,450000,465000,460000
395055,26,"San Antonio, TX",Msa,TX,160000,166357,172500,180000,180000,177900,169000,168700,172000,172067,167000,170000,174000,179000,184400,185000,185900,182000,185000,179900,184000,183000,179800,185000,189925,187600,195000,202500,197500,196500,191000,185700,185000,193000,189550,190000,199000,200000,207500,210000,210000,206500,207225,203250,200952,206700,195000,200000,202500,211000,215500,220000,215000,215000,212500,207000,215000,225000,213000,210000,220000,220000,229000,232000,229900,229900,220000,223000,221729,224000,215000,220000,225000,223123,235000,238000,235000,234900,231000,232650,228000,235000,225000,233100,235000,238750,242999,247550,255000,254000
394943,27,"Orlando, FL",Msa,FL,157021,165000,165000,174000,179000,177000,180000,180000,180000,184357,180000,177500,187950,190000,186250,190000,199250,195000,195000,192950,197000,205150,197900,190000,202500,196250,200000,205245,205000,205000,207000,208250,215000,215000,215000,205000,214200,215000,215400,225000,224300,220000,222000,222140,227000,229800,225000,225500,236900,235000,230700,245000,237000,235000,245000,240000,240000,245990,248725,240245,246000,249000,250000,254232,255000,254490,255590,255000,255000,260000,253000,250000,252000,249000,260000,265000,261990,263000,265000,259000,260000,270000,261500,268000,270000,275000,275250,276000,281000,285995
394466,28,"Cincinnati, OH",Msa,OH,144983,149666,157400,159600,163000,156000,152500,150000,145100,147500,131500,133512,142000,140450,150000,158000,158000,155000,150000,148000,149000,149667,142250,141000,148000,147000,160000,160000,160900,154500,155000,147333,146500,154950,143000,146000,150000,158500,160000,170000,169000,160000,160000,160000,160000,159900,158000,151000,159000,165000,164625,175750,175000,174575,169000,167000,171000,170000,164950,164600,175000,176000,179950,182600,180900,180500,173000,172000,179900,174000,167500,172000,177400,180000,189900,193000,190000,185000,185000,180000,184000,187000,171750,182000,195000,199000,190200,207000,210000,217000
394475,29,"Cleveland, OH",Msa,OH,124950,125000,135000,143000,140000,135000,138000,125000,122750,120000,110800,106750,122250,124000,125000,138000,135000,133000,127000,128000,126000,130000,115000,113000,124435,124700,132500,139900,142300,137500,134750,135000,126500,130000,120000,124000,120000,130000,136750,147500,141625,135550,139000,130950,134000,132000,123400,130000,130000,135000,147000,150000,149000,144000,144900,142000,144500,139000,130000,132000,136500,142850,145000,151000,148000,150000,149900,140000,142400,140000,142000,138500,147000,145100,159000,167500,163000,159250,154900,152000,149500,148000,149800,150000,157000,165000,165000,170000,174000,176000
394735,30,"Kansas City, MO",Msa,MO,147300,151875,167450,175000,171000,165000,160000,162000,162500,160000,155000,147500,150088,164000,172500,178000,179100,174350,167000,165000,167950,167000,155750,158250,165000,177825,184500,189000,182000,179900,172000,174000,174000,174000,165000,167500,172000,185000,195000,200000,196000,193000,187500,190000,181000,186000,179500,186700,189665,195000,208000,216000,210000,206875,200000,194000,199900,200000,202750,198600,210000,214250,220000,222200,220000,212000,205000,212233,210600,205000,208495,205000,215500,227000,235000,239000,231950,229900,223000,216000,219975,225000,216750,219900,239900,237500,243000,250000,256500,255000
394775,31,"Las Vegas, NV",Msa,NV,165000,172139,172000,177886,180000,187680,190000,188000,190000,192500,193000,193750,192000,190000,195000,200000,199000,205000,208000,203000,212000,212706,205000,210193,208000,210000,215000,221000,219975,223000,224000,220000,230000,224373,220000,225000,220000,225000,226000,220000,219000,220000,225000,222000,230000,230000,241000,245400,245000,249000,251130,255000,260000,260000,265000,264800,265000,275000,265000,275000,279000,285000,289900,288000,285000,289900,300000,295000,299000,305000,300000,300000,302000,297000,297250,300000,300000,305000,309000,300000,301000,300000,289000,302000,299894,294845,299950,308500,309694,309000
394492,32,"Columbus, OH",Msa,OH,145950,147900,154000,165000,171000,162900,157000,157333,155000,154350,149000,142000,150000,154900,159500,165000,165000,160000,159900,159800,156000,162750,152000,155000,160700,156800,175000,175000,171088,175000,171000,165000,170500,168000,164000,165000,166500,170000,175150,175000,179000,178900,175000,172000,178000,175250,172000,170000,175000,180000,192500,194050,191500,188000,183000,190000,187500,198050,194000,194250,195000,195000,202000,216250,205000,200000,199450,200000,195000,204000,195000,199900,204990,214900,220000,225000,215000,205000,200000,200000,199500,199250,203000,203500,222000,218900,225000,224500,241500,236000
394705,33,"Indianapolis, IN",Msa,IN,125000,127000,135500,144000,145000,140000,134000,139500,130900,142000,123250,131093,131500,135810,139900,150000,152750,150000,146500,143000,143500,143000,132500,131000,146820,149450,158250,163750,160000,155000,155000,142900,147999,148500,135950,142000,150500,154900,162293,164000,164000,159000,161000,158000,157000,159900,147500,155500,163500,163500,172500,175500,174900,169900,167500,170000,169900,169900,160500,166500,175000,179825,185000,195000,185000,180400,180000,175395,180000,182500,173000,174450,182500,189000,193100,202500,201149,200000,190000,195000,190000,195000,180000,189900,210000,210000,215000,220000,223000,225000
395059,34,"San Jose, CA",Msa,CA,615000,680000,685000,690000,675000,670000,666250,668000,665000,640000,630350,676250,708000,732000,739000,745000,725000,730000,715500,725000,722500,700250,671750,715000,770000,780000,813000,822750,834000,820000,780000,787500,790000,785000,740000,780000,823000,869000,880000,850000,854000,822500,835000,840000,831750,817000,810000,838750,909000,921000,939000,947000,940000,925000,950000,964500,980000,980000,930000,1075000,1180000,1135000,1170000,1150000,1090000,1107500,1025000,1094930,1029500,971000,982500,1000000,1060000,1070000,1100000,1105000,1080000,1007000,999000,990000,1006750,970000,930000,1060000,1100000,1139000,1110000,1110000,1125000,1150000
394355,35,"Austin, TX",Msa,TX,217000,224000,228500,230000,227000,218250,218000,215654,220000,223750,211500,226500,230000,237175,243000,249900,245000,247500,238200,238000,240384,245000,240000,244573,251802,265000,269900,268184,268000,262000,252000,257950,262250,268034,256920,265000,273500,280500,285000,290000,284063,282725,270000,275000,283247,289000,272000,285000,289500,300000,302000,306475,298971,291000,285000,286000,289990,300257,290000,296750,297000,310000,315000,319990,309900,315000,299900,303000,297500,302225,294660,293000,308569,316017,329995,325000,321000,319000,313790,319348,309000,321625,309000,321500,332000,325200,330000,339000,352950,351008
395194,36,"Virginia Beach, VA",Msa,VA,215000,220000,223950,240000,237500,235000,221605,220000,220000,215125,207500,207000,218550,225000,223500,239500,232950,228761,225000,218618,225000,225000,215000,216750,220000,225678,234000,235000,246000,239239,230148,224000,223995,233000,224000,221950,227900,240000,236750,246000,242000,240000,235000,239900,237950,239500,230000,232810,235000,243500,239990,255000,248500,243000,236000,240000,237900,237500,235000,243000,241575,240000,253250,255000,250000,244450,241250,245000,240000,237500,225000,242000,235000,250000,259000,259000,261288,255000,250000,242700,242500,240707,239900,240000,254000,254000,265000,264000,278000,271500
394902,37,"Nashville, TN",Msa,TN,168000,179990,186900,195000,196000,188000,184900,185000,185000,187975,178700,182950,182000,185500,194150,206000,202000,200000,190000,192163,200000,199000,194090,198900,200900,204900,215000,219900,219025,217000,218900,215000,216400,225000,215000,215900,222250,226000,236900,240015,246968,238600,236700,243900,237000,244900,240000,240000,250000,250000,260000,269000,264900,262775,262500,259000,265000,271700,261500,265741,271000,275000,280000,287900,290000,285000,270000,278000,278757,288900,275500,277000,287850,286000,300000,305000,299900,300000,295968,292500,299900,300000,284400,285521,302062,303600,304925,309900,320000,320000
395005,38,"Providence, RI",Msa,RI,202000,200000,219900,235000,224900,229000,219900,214000,214000,210000,215000,200000,209250,212500,220000,236000,229900,230000,224000,233500,225000,220000,225000,210000,220000,215000,235000,245000,245000,246998,235000,235000,230000,232900,235000,225000,235000,240000,245500,255000,262700,255000,250000,245000,255900,244350,238200,235000,234500,255000,255000,275000,272363,268000,270000,262250,266250,262500,249900,255000,260000,265000,270000,285000,282000,274295,275000,270000,270000,267000,260000,255000,276500,275000,291000,299950,300000,295000,295000,285000,290000,284450,286600,275000,300000,305000,305000,310000,322000,334000
394862,39,"Milwaukee, WI",Msa,WI,149600,159900,165500,179650,185000,177750,164000,167400,160395,157500,155000,153300,162000,162700,170000,177200,189900,184000,175000,179450,177500,171950,163000,155000,168500,179000,187500,195000,184050,199500,176000,189000,169900,173500,169950,160000,175000,180000,175000,184700,172000,172500,173500,166750,164175,155000,154100,154000,161000,169000,170000,182000,180000,179950,169900,169900,175000,165000,160000,160000,165000,175000,172950,190000,190950,187250,180000,179700,180000,170000,164900,165000,189000,194000,197000,195000,194000,196300,195000,183500,188950,180000,180000,178000,191000,196725,204050,200000,204950,217000
394714,40,"Jacksonville, FL",Msa,FL,163995,182200,180000,189900,190000,190000,184000,185000,184495,190000,185000,188950,201000,194950,205000,207000,205393,199500,196995,199100,198200,206300,188000,205000,203000,200000,210000,216103,207000,202250,198950,205000,209000,209945,200000,198704,205000,199900,213500,220000,218900,217250,207450,211700,212261,216100,201000,210000,215000,219400,230000,229995,235000,220000,224000,222000,225000,235000,225000,235000,235000,236700,240000,250000,246752,245000,240000,241165,249900,250000,231900,245000,246150,246100,250000,253000,260000,258000,250000,250000,244900,250000,242500,247500,250311,255000,257000,260000,270000,265000
394849,41,"Memphis, TN",Msa,TN,135000,140000,150000,158000,163250,156000,153000,146900,155000,145000,140000,135000,145500,146000,154000,164663,163000,154000,155498,145000,145000,144000,139900,148000,145000,156000,158000,170000,156000,162000,159000,153500,158000,150000,140450,145000,151900,150500,165000,180000,167000,168000,157500,157500,167500,160000,144875,152838,155500,161750,169000,180000,179000,171700,170000,163000,167950,165000,164900,147500,167000,170000,185000,188950,186000,175000,176000,175000,170000,170255,160000,174000,175000,180000,190000,205000,200000,187500,182700,180000,182500,188850,176000,182000,192000,201900,203000,210000,215000,215000
394935,42,"Oklahoma City, OK",Msa,OK,141000,140000,142000,149500,154000,150000,145000,142963,144000,147500,137517,146500,150000,150000,155000,160000,160000,155000,155000,155500,155000,158750,150000,154714,151500,152000,160000,169000,165000,162000,160000,157500,153000,155000,159000,152000,158000,160000,162801,165000,170000,163500,161500,165000,162000,165000,160890,160000,163000,166000,167500,172000,170000,169000,169000,160000,164250,167000,160000,165000,169000,171500,173000,170000,175000,171000,175000,175000,170000,173000,175000,179900,182000,185500,185000,199700,184000,188000,186500,180555,185000,186438,176500,187145,192750,194726,195000,203497,202000,212000
394807,43,"Louisville-Jefferson County, KY",Msa,KY,137000,138500,147000,159000,156875,150000,149000,143000,145000,138000,137900,135164,140000,145000,149352,157000,157000,156500,150000,150000,145000,148000,143000,147000,152200,155000,166000,169900,165000,162000,152500,155000,153000,154900,152950,145750,154000,155000,166500,170000,179900,172000,168500,165000,169500,159900,160000,157500,160000,169000,175000,182900,185000,174000,174900,175000,175250,175000,171500,170000,169000,177500,185000,189900,196000,182800,173000,182900,178000,182000,180000,181900,179500,181000,195000,200750,205000,195000,190000,189950,184479,191500,181000,188000,194250,196765,200000,210000,224945,219521
394669,44,"Hartford, CT",Msa,CT,188000,215000,215050,229000,233000,226000,215000,216900,202000,200000,212500,205000,194700,203500,215000,221000,232111,221000,210000,205000,212000,204500,196500,186500,207000,210000,210000,230000,220000,219700,215000,205000,201250,212000,204950,207000,200000,210000,220000,241000,230000,230000,225000,215000,210000,210000,210000,201700,214250,217500,225000,239900,235325,233000,220000,217500,209000,215450,207000,216900,224950,224375,225000,243000,242500,242000,220000,220000,210000,220000,208000,198000,217000,224900,230000,240000,242000,235000,224950,223000,229700,223611,220000,215000,230000,242500,240000,242000,254500,260000
395022,45,"Richmond, VA",Msa,VA,195025,204413,207000,219500,213708,217615,214000,213990,201390,214950,200000,190000,210000,210000,213000,228794,214950,222000,215000,212000,212250,225000,199975,200000,212000,210000,225000,226900,226750,227000,212500,220000,221890,225000,214000,212265,220000,222000,230000,241000,238950,231227,225000,230000,235000,229950,221500,232500,230000,233639,239950,250000,250000,245000,237500,225000,239950,247000,232350,235000,240500,249000,250000,259470,255000,250000,239975,239375,249820,246000,235500,240000,252475,258000,261840,270000,266758,269950,259360,259900,259055,265000,250000,247950,260000,270000,275000,275000,281813,279945
394910,46,"New Orleans, LA",Msa,LA,155000,165000,174000,179000,179000,170000,169600,169925,165000,172000,165000,160325,172150,165000,175000,174900,175000,165950,168250,164450,173500,172200,159900,162200,175000,172000,181000,182000,183000,174500,170000,173000,172900,180000,165000,173000,177400,175000,190000,186500,187250,180450,180000,170000,185500,175000,180800,178300,182500,178000,196000,200000,200000,194855,188000,189000,189000,200633,191900,186464,188900,187250,200000,210000,209000,200000,199000,193800,201000,200000,191808,197000,196900,195000,210000,220000,215000,214650,205000,208900,212285,214875,208750,207000,210000,219000,219900,228000,230000,228900
394425,47,"Buffalo, NY",Msa,NY,123000,121920,129000,137000,138250,141500,135000,127950,126000,125000,122250,120100,124900,123000,130000,132150,135000,145000,135000,130000,126750,127800,123000,120500,122000,135000,126000,140000,141320,145000,137250,132500,130100,130000,135000,130000,129000,130000,132250,145000,148000,148500,144000,144000,135500,137000,134000,126897,134000,138500,145875,155000,154900,155900,158000,147500,145000,146028,144000,138500,143000,144000,150000,155250,169900,165000,163000,157200,157000,150000,148450,148500,150000,155000,161000,175000,175000,175000,169697,168000,160000,164000,160000,153250,161639,172000,177777,170000,185500,196500
395012,48,"Raleigh, NC",Msa,NC,204750,200000,216000,210000,215000,218250,203000,220250,210000,223500,211000,213000,214750,217000,225000,224000,226000,225000,219000,223000,225000,215500,214000,219000,230000,222950,236750,247000,235000,238000,233500,235000,240000,235000,223000,231000,235000,238500,247825,255000,245000,250000,250000,249450,250000,255000,252000,248000,259250,265000,270000,273000,267000,265000,261000,265500,270000,275000,265000,272000,275000,280000,281000,285000,283900,280000,282500,277000,285000,283500,285000,287000,290000,295000,294000,295250,295000,289900,287500,290000,289000,294000,283000,294500,297500,305000,299000,299000,309000,315000
394388,49,"Birmingham, AL",Msa,AL,199450,189950,204840,210000,210000,200000,187000,196250,193500,195866,185000,188720,180000,191000,195700,199900,195000,196750,190605,180000,181000,185400,182900,178400,188000,190000,205000,195000,193000,184700,175000,172500,172950,174000,165000,167000,178500,189400,189400,196200,192510,180000,179200,178990,180000,173800,177000,168000,174244,190000,197000,193500,188495,187125,185838,185000,184205,185000,177000,180000,190000,193000,208500,210000,203023,193000,200000,195000,193000,195000,185960,190000,199900,211950,219000,216100,206415,210000,199950,206000,205000,205657,194500,207958,228545,225950,224500,225000,225000,222250
395053,50,"Salt Lake City, UT",Msa,UT,209000,220000,228000,233000,227250,229000,222000,216900,222000,225000,218078,224520,227000,220000,234900,232602,240000,236000,232000,230261,234900,235000,233875,225000,235000,240000,252000,257000,250000,245000,245875,245950,247050,250000,237500,245450,250925,255000,262000,272000,270000,265000,260950,261700,265100,265000,272000,261000,280000,285000,297500,295000,291975,287000,285000,290000,297631,290000,290750,295565,315000,305089,320000,325000,320000,313375,315000,322900,311000,305000,314300,315000,319675,329950,337150,345000,345000,337250,342000,335000,343000,341000,340000,352000,360000,360000,356500,370000,375000,377000
395031,51,"Rochester, NY",Msa,NY,130000,128900,128000,136000,144000,138750,130000,125000,126000,129569,120500,122500,127000,123250,132000,136800,140000,128000,132325,130000,136000,126500,125000,125000,123650,125000,133000,140000,144900,140000,133000,133000,132500,137500,122375,129125,127757,130500,135000,144900,145000,144000,140000,133750,137500,138500,132500,132500,134875,135000,146250,147000,149000,149900,140000,139900,132500,135750,131600,133000,139950,139950,155000,155000,158000,150000,147000,146000,144900,140250,136000,138250,140000,145000,155000,165000,163000,160100,155000,150000,150250,151500,149900,139950,160000,162750,160000,162000,175000,179900
394640,52,"Grand Rapids, MI",Msa,MI,124425,128850,127280,129750,134500,135000,133000,125000,123750,124000,119650,120000,120000,130000,131625,136900,139050,136950,142250,135000,128563,121750,132000,130000,131000,145900,145000,150000,150000,151000,150000,149148,141923,141450,146900,148000,150000,160000,167750,169000,165000,169900,165000,168825,167950,162000,160000,167000,172500,181500,184900,185000,181950,185000,182500,175000,181500,175005,181250,179900,185000,191000,200000,204900,200000,203000,199900,195500,189500,190000,192500,192000,199000,209945,215000,217625,213000,215000,210000,210000,203000,208100,202000,210000,225500,222500,216000,231000,236306,230000
395167,53,"Tucson, AZ",Msa,AZ,165000,164900,166707,173168,169950,174463,169505,168000,175550,169900,172000,169900,174000,169900,175085,184500,185000,178500,179900,181250,170000,175000,172500,175000,178000,174000,175973,178250,180000,184250,180000,183000,180000,185500,178265,179900,179000,182000,182000,194000,190000,191000,184090,184000,187750,185000,185000,194950,195000,195000,203000,205947,200000,195500,209723,204000,206300,209900,196500,200744,205000,210000,210000,206000,210000,214900,212000,212724,222500,210000,215450,212000,215000,215000,226500,225000,227000,220000,225000,227500,218000,231000,225000,234900,238450,235000,235000,240000,250000,250000
753924,54,"Urban Honolulu, HI",Msa,HI,435000,475000,416635,480000,450000,499000,477000,450000,450000,485000,518950,475000,502500,465290,500000,511969,491700,481500,535000,450000,580000,518450,575000,481152,480200,489000,495000,490000,512000,549000,538000,530000,521000,537000,529650,575000,530000,550000,570700,559005,575000,560000,553400,565000,577500,557500,572000,555000,531291,543000,559000,579000,585500,579000,610000,625000,606000,598500,562750,565000,558500,535000,595000,560000,579000,584500,579888,580000,585000,545000,594888,557500,590000,575000,580000,602500,625000,593000,599750,585000,570000,595000,580000,594500,637000,625000,610000,615925,600000,625000
395169,55,"Tulsa, OK",Msa,OK,144799,144500,142000,150000,150000,145000,147500,139000,140000,147500,137000,134500,143000,142000,145500,149250,155200,150000,140000,150000,148950,151000,141500,145000,146000,154250,152000,158500,154000,150000,153000,148000,150000,144000,140000,144700,147500,146000,157000,155000,163900,155000,156552,150000,155500,157000,155000,151700,154969,157000,164500,162000,169900,162527,159950,160000,164000,161000,159000,161000,163000,162250,169000,168065,166000,170000,165000,167000,170000,160000,163000,160000,165000,170000,179500,180000,179000,170000,168604,169000,169000,177512,175000,180000,181000,181000,188000,192000,200000,200000
394619,56,"Fresno, CA",Msa,CA,180000,188500,185000,200000,205000,204000,205000,198000,220000,212000,199000,200000,225000,211000,215000,215250,215000,220000,220500,223000,215000,217500,225500,215000,225000,225000,230000,232000,235000,233500,230000,225000,244000,229250,229000,225000,235000,234250,235000,242500,242500,243000,247500,245000,246000,245000,238500,237500,249000,245000,251500,261000,264500,265000,270000,260000,270000,270000,255000,275500,268000,265000,271250,276000,275000,275500,270000,275000,275000,275000,272250,274500,290000,274000,277000,276000,280000,275750,280000,275000,282250,280000,277999,275000,280000,283000,285230,307270,310000,300000
395238,57,"Worcester, MA",Msa,MA,205950,216000,220000,230000,233000,239000,215000,220000,212000,213000,217500,213900,227500,215500,229000,240000,234450,237000,218750,225000,222000,218000,210000,225000,224950,224850,227500,246000,240000,240000,234000,235450,225000,229900,217500,218200,223400,226000,230000,247750,254450,250000,242500,245000,234000,240000,229000,239450,239950,249450,260000,269900,264000,275000,250000,255000,259075,258000,250000,245000,250000,256750,265000,289000,280000,272750,275000,255000,265000,259000,257000,249900,257750,265000,279450,287500,285000,290000,280000,280000,280000,280000,274450,262000,281950,285000,305000,301000,325000,320000
394415,58,"Stamford, CT",Msa,CT,360000,382500,429000,458500,455000,425000,410000,369000,364000,390000,397000,345000,354500,410000,406375,452750,450000,455000,400000,369000,389950,405000,358750,373500,360000,425000,445000,442750,441375,415000,399995,420000,370000,389450,379000,375000,377000,385000,400000,420000,412000,401250,400000,370000,381603,390000,408500,372250,375000,416500,428000,440000,415000,418000,425000,370000,395000,400000,393500,390250,372500,401000,410000,459680,445000,429500,380000,365000,389700,400000,378500,355000,370000,385000,414000,442500,430000,425000,400000,353000,390000,390000,401315,375000,385000,415000,444500,475100,475000,510000
394312,59,"Albuquerque, NM",Msa,NM,173500,164000,169750,167177,175000,179000,174900,165050,165000,177315,169700,166973,166000,170000,180000,174450,184990,180093,170250,175000,173000,175000,166000,166500,172500,175000,177950,189900,179500,184700,178000,178000,180000,174000,172000,165900,178000,181950,185700,191000,185000,185000,187000,185000,179000,185000,182500,180750,185000,190000,192500,194500,195000,192750,195000,189200,195000,185000,183800,190000,193000,205000,200000,205000,205000,205000,195000,195000,199000,200000,197250,200000,202500,212000,220000,225000,220000,219000,212000,220000,216450,217700,216900,222000,228545,229000,224900,235000,245900,250000
394308,60,"Albany, NY",Msa,NY,178750,174000,173000,185000,188750,191500,182500,175000,172000,169950,180000,179000,175000,174000,173500,180000,190000,188500,179000,172250,180000,183250,173000,172000,178000,180000,190168,178000,185900,185000,183000,179900,178700,175000,170000,165950,175000,179000,190000,188750,189634,190000,180225,186000,183500,182155,175000,175000,173000,183000,175990,190000,195000,194950,188000,184250,185500,184500,175000,180750,190000,200000,194500,200000,200000,205000,195000,189900,200000,180000,192500,190000,193980,190000,194000,210000,210750,202500,200000,192460,190000,198000,197000,194900,195000,209900,210000,203000,210000,217000
394938,61,"Omaha, NE",Msa,NE,132000,136250,149000,157000,160000,152000,149000,155000,147000,145000,145000,145000,150000,145000,150000,160000,160000,160000,152000,153000,161000,150000,153000,151000,155000,155000,165000,175000,166000,166000,163000,163000,163713,163000,165000,162000,163000,160000,167000,175000,175000,170000,169000,169000,170000,169000,170000,160500,169000,170000,183250,184500,175000,181000,179500,173000,177000,170000,180000,180000,175000,181000,190000,193000,200000,190000,190000,197250,189000,190000,195000,193000,191952,195000,209950,204000,209000,204000,195000,199900,195000,190000,188000,200000,200000,217000,215000,225750,230000,230000
394908,62,"New Haven, CT",Msa,CT,184950,206500,207000,221000,228000,230000,225000,197000,196000,179125,180000,180000,174950,195000,204500,218250,220000,212250,209803,212000,201000,195000,206500,186000,195000,205000,210000,222000,227000,229450,220000,207000,197500,205000,199900,190000,190000,195000,209000,231500,225000,218000,220000,218000,205000,210000,209000,200000,195000,192900,216350,242500,226000,230000,212900,215000,210000,210500,218100,194500,205000,218900,225000,242000,238500,235000,220000,226900,207000,218000,207000,206000,210000,215000,227750,246000,240000,235000,230000,225000,220000,225000,210000,196000,220000,230000,240000,243000,260000,249950
394357,63,"Bakersfield, CA",Msa,CA,165000,170000,175000,181750,185000,183250,190000,178000,186500,185000,185000,185000,186500,185000,193500,194000,192500,200000,202500,192000,200000,208000,195000,209500,199000,205000,208500,210000,215000,214500,206000,202000,210000,206000,202500,210000,203500,209000,215000,225000,220000,215000,215500,220000,222000,220000,205000,211500,215000,227250,218500,225500,230000,226250,231000,224500,230000,231250,223000,229500,227000,230000,235000,235500,240000,240000,238000,235000,232000,230000,230000,230000,241750,240500,244895,252500,250000,250000,250000,250000,254000,250000,240000,255000,251750,259000,260000,266750,265250,275000
394753,64,"Knoxville, TN",Msa,TN,138248,137500,149000,145000,143000,144100,145750,140000,150000,150000,134900,145000,150000,149900,157000,163500,163000,158000,152750,150000,146000,159000,145000,155000,152500,154000,161000,160000,165000,165000,157700,164900,157000,159900,155000,152950,160000,163000,166000,171000,169900,172200,166000,170000,171650,164900,163500,160000,170000,175000,178500,182400,182900,184900,184950,180000,183000,184000,175000,185000,189000,185750,192500,200000,204000,195000,195000,205000,208950,200000,195000,190000,199000,208035,215000,215000,217700,215188,215000,209000,215000,215000,205000,209900,220000,224000,219840,225000,235000,235402
394653,65,"Greenville, SC",Msa,SC,145000,148000,160000,163000,160000,162950,150000,149788,153250,155500,150000,148250,150000,142500,160562,157000,160000,157250,160000,159500,157940,156650,155000,160000,163000,154175,168000,176500,173000,171000,162000,160000,169500,167000,161950,170000,167000,168000,182000,186000,176750,179950,175010,181000,175000,175000,179250,176093,180000,183277,186700,194700,194000,190000,184143,187000,186000,190000,190000,185000,192993,193000,200000,204260,203985,194000,199900,197500,198700,206995,205000,200000,203845,211800,216850,219000,219961,219900,211000,216020,208000,209500,199950,207638,225000,222500,225950,228000,229250,234000
394952,66,"Ventura, CA",Msa,CA,409750,431500,441000,468750,462000,450500,460000,450000,452400,470000,453500,440000,450000,461500,473500,480000,500250,501000,475000,490000,470000,488750,487000,480000,480000,499000,510000,530000,525000,510000,503500,515000,521000,509000,510000,503500,517500,535000,535000,560000,527500,549000,517500,546500,540000,539000,532250,540000,555000,577000,567500,574250,570000,575000,565000,570000,600500,578000,588000,565000,573000,595000,596000,615000,593000,595000,610000,610000,590000,590000,573750,573000,590000,605000,600000,587500,600000,605000,599000,603000,597000,590000,611000,601000,607500,620000,610000,630000,650000,660000
394318,67,"Allentown, PA",Msa,PA,163999,172000,174500,176750,191000,195000,177400,180000,177000,183000,173000,168000,179950,165000,179900,182750,191250,182700,177500,179000,185000,168000,165000,169950,165000,165000,177000,192000,190000,184900,179975,170000,172950,174000,175000,169900,168000,175000,180000,186500,189000,191500,181050,174450,178000,179450,168000,169950,170000,175000,182500,190000,188000,200000,184950,185000,181750,184200,182500,169900,182000,185000,195850,200000,200000,208000,188000,197280,195000,191580,185000,185000,185000,194950,205000,207000,215000,213700,210000,202000,200000,200000,185000,197250,209000,206583,220000,220000,224900,229900
394561,68,"El Paso, TX",Msa,TX,136975,137500,135500,139900,146000,143863,139235,145950,140000,144950,134950,138000,136000,134950,144500,146320,145000,139950,138950,148225,139895,145000,132375,143450,139000,135575,142950,146900,151250,141950,139950,140300,150000,145000,140000,145000,138000,141560,145000,148000,147504,147875,143000,154975,145950,154196,147000,145950,147950,145500,150847,151950,151600,155500,149500,149850,154750,157100,148950,150000,155118,155000,154000,156000,160950,155593,154950,157500,158300,158500,149950,163000,157000,157975,164500,162000,167750,165000,164975,165000,168950,168000,162950,165950,169000,165000,169950,175000,179950,181975
394367,69,"Baton Rouge, LA",Msa,LA,175200,181000,180950,179500,176150,180000,175250,175000,174000,189500,175000,169450,181950,184863,180000,189250,185000,181580,179000,183900,185000,184450,175000,195000,183898,189963,194000,190000,189900,188000,185000,186200,189900,186600,182950,190500,187000,194500,191000,195155,195500,198900,195000,188470,178000,178000,172900,183000,188900,189505,187500,199900,197500,194000,199000,203000,193500,202900,189475,200000,199900,197000,203900,203500,203855,200900,210000,200000,206880,203900,202000,195000,199950,199000,205000,218900,208900,200000,212000,205000,203690,214945,200000,204900,214915,218225,210000,218000,218000,222000
394521,70,"Dayton, OH",Msa,OH,109000,113850,125000,127875,139450,128000,116250,117500,112600,120000,110200,120000,109900,113500,121250,130500,131000,133000,120250,125900,126500,122900,114000,117500,112250,118200,125000,135000,124900,124000,119700,119900,116000,109950,120000,115000,127500,133250,130000,135000,131600,127000,123500,122400,135000,122700,123500,125000,127900,130000,127000,142000,129900,136500,135000,134900,133400,129900,115700,132500,127400,137000,142000,150000,149900,140000,142450,135000,139000,140000,122900,135000,130000,140000,145300,159000,149900,151750,148950,139900,141950,137000,129000,137750,150250,160000,158500,158400,170000,165750
394843,71,"McAllen, TX",Msa,TX,105000,109000,109200,110500,124250,114561,125500,119000,115000,103000,106750,105000,120000,117863,122000,119000,125000,115000,120000,114750,110750,122000,117500,109950,112000,120000,120000,125000,125629,132000,130000,126500,125000,129000,126500,127700,114000,130000,148000,136900,131000,137000,132870,135000,141500,127575,129688,143000,136000,144908,132500,130500,136750,136050,148500,145000,132150,145000,145000,139950,134000,144900,143500,139950,150000,142000,142000,145700,141000,139000,145000,145000,153000,149900,150000,159000,158500,156500,150000,159900,155000,158000,151995,165000,162250,159953,168450,167000,171250,175000
394486,72,"Columbia, SC",Msa,SC,149000,145000,153500,157375,159990,156000,150000,149900,159950,159849,145000,139450,151900,148700,153950,162000,152000,149000,149707,147595,145000,140966,132000,144000,145000,145000,155000,160750,154900,153500,150000,153000,147789,149000,147600,148500,159945,157000,166000,168000,165000,168000,168205,164250,159000,162856,155000,154500,161500,167000,165000,165400,168200,169995,169000,164700,164900,165000,165000,168450,169430,170000,174000,179499,175000,170493,179900,173000,175000,176995,170000,177000,176000,180000,187990,189900,192900,180000,179178,178157,181900,184900,169900,181250,183000,190000,194399,198000,203680,200168
394648,73,"Greensboro, NC",Msa,NC,132000,135000,131000,145000,143500,140000,135000,125000,133500,131000,120000,123250,134500,140500,135000,141000,140000,140000,135000,141250,130000,129000,136500,142000,135000,139500,152450,155000,143500,145000,140000,139000,133000,141000,134950,129900,139000,149000,143000,157000,152000,155000,145000,144000,147500,135000,142000,144000,148000,143000,145500,149500,157500,155500,150745,145000,153750,155000,138500,145250,158250,153250,155000,168000,164000,158000,160250,152500,169000,150000,147500,158050,153000,172000,169000,175000,173250,161000,160000,169000,165000,160000,156000,170000,171500,175000,172000,181000,191250,190000
394304,74,"Akron, OH",Msa,OH,131500,125000,137000,139500,140000,144000,130000,126750,125250,120000,114950,98175,127250,129000,123250,145000,131000,130000,125000,120000,124900,125000,108000,124000,129900,125000,130500,139000,142000,136000,136000,128500,131000,130000,114202,126000,124900,126500,136900,139950,136000,138400,143501,134000,135000,126000,124000,120474,135000,140000,146500,154250,153000,140000,139500,141500,139900,138250,124950,118000,125000,140250,141500,151000,149950,147000,147900,149000,155000,142900,143000,141000,145000,147000,154950,166700,160000,156375,145500,144900,154000,150000,135000,149950,158283,158000,162000,163400,170000,170000
753906,75,"North Port-Sarasota-Bradenton, FL",Msa,FL,181100,185000,195000,201000,212000,200000,204477,209500,199700,217950,214428,210000,206801,210000,216950,225000,227500,220000,225000,230000,227500,229500,230000,224168,228638,230000,240000,240000,237500,240500,239000,240000,242000,255200,247750,240000,238000,240000,253745,256000,255000,252500,249378,251550,250000,264500,250000,250000,257500,257000,260000,265000,265900,266000,268910,275000,274000,279900,275000,270000,269950,269000,270000,270000,275000,270000,268000,265262,275000,280000,270000,274900,275000,275000,290000,280000,275515,275000,283500,270000,279000,283000,275000,275000,280000,290000,285000,282500,308000,309000
394798,76,"Little Rock, AR",Msa,AR,166600,170000,175000,182000,180000,176000,174000,169950,175000,179900,165000,170000,166500,172500,175000,184500,185000,185000,176400,173900,172000,175000,174000,169900,174250,179750,179900,186250,180000,185000,180000,173000,166000,157500,152807,155000,157500,156000,160000,165000,156000,153000,152475,169900,159000,167225,160268,175000,161000,165000,165000,179900,159900,165000,157500,155000,160000,157700,155000,157670,157950,164450,167000,171750,169450,159300,162500,160000,166900,165000,162853,160000,162250,164518,172000,172000,170000,170719,164900,164000,174880,164500,162470,164000,177500,178000,176900,179000,185000,189500
395134,77,"Stockton, CA",Msa,CA,220000,212500,221000,224500,240000,240000,253500,235000,240000,260000,249000,243000,265000,255000,261000,270500,270000,270000,280000,272000,260000,290000,270000,280000,285000,280000,285000,304500,294000,303000,301000,290000,310000,315000,300000,310000,315000,310000,330000,317000,322000,332000,329000,325000,325000,336000,325000,335000,348000,350000,345000,350000,359500,365000,366000,353000,375000,375000,365000,380000,395000,380000,380000,384250,370000,395000,380000,380000,395000,404000,397500,415000,404000,401000,385000,400000,386250,410000,400000,395000,415000,420000,420000,435000,423500,435000,441750,440500,430500,416000
394457,78,"Charleston, SC",Msa,SC,211410,217995,220603,232000,220500,223578,223001,213355,215000,234000,222000,220186,228317,225770,235000,230000,235000,219979,222000,225090,230000,225963,228500,226000,234900,230000,235000,243200,238343,233000,241405,228971,250000,246563,220000,242370,239000,240000,248000,251598,246000,246600,251646,245000,247545,246000,245000,248900,250000,258293,262083,262250,266000,253846,250000,261000,258000,280000,264900,259348,266139,267250,276500,275000,265000,269405,275145,265000,274000,271900,263700,275000,270000,275000,281955,289800,280000,285000,285900,277950,265250,280000,285000,290758,282700,289250,282000,283918,305000,315000
395143,79,"Syracuse, NY",Msa,NY,116870,126500,125000,133000,135000,134900,129000,132550,125000,124000,118720,110000,119950,124000,122000,134000,133000,134500,130000,123700,130500,120000,121000,113995,119240,129500,136500,130295,135000,135000,129000,124999,125400,123000,130000,123000,115000,129900,130000,135000,142000,144000,135000,140700,132000,125000,125000,117607,118000,126253,135000,138000,143050,135000,136533,135000,134900,135000,123000,128500,125000,132750,140000,149350,142000,148000,144148,135000,142000,139950,130000,134000,131970,139250,145000,156600,155000,150000,152180,151101,146000,150950,142500,145000,144000,149450,157000,159500,158000,175000
394484,80,"Colorado Springs, CO",Msa,CO,220050,222500,220000,230500,235923,232000,228390,220000,229595,229250,226400,215000,220695,218000,229915,245000,234000,235000,227000,230000,224900,229900,237936,226075,226072,239000,247950,240000,245000,241080,242588,237500,237700,248000,240000,248000,248000,250000,262000,265000,260000,266000,258450,260000,260000,264575,275000,267800,265000,280000,280000,285000,276300,280538,275000,281119,289900,285000,289900,299798,298616,306225,314900,320000,311500,312072,309000,302000,305000,305000,300000,312500,315000,326000,322900,327000,325000,325000,326000,329900,325000,327000,328185,337000,353289,350250,351055,355000,375000,375000
395235,81,"Winston-Salem, NC",Msa,NC,120375,134900,135000,142500,135123,136000,128750,125000,128000,130000,118000,132750,125000,128600,136000,140000,137000,136000,133000,132000,133500,134500,134250,133950,140000,137000,144500,140000,145000,143000,136250,136250,139500,133000,142000,135000,132990,148000,154000,150000,145000,152995,149040,145000,145000,149500,140000,138750,149000,151000,155750,154500,155000,158000,152260,150000,145270,150000,155000,152500,153000,155000,165000,160580,159000,166000,161500,160500,167000,176000,160000,155500,168500,170000,178000,175250,180000,170000,169000,165000,178000,174000,157000,166000,178500,187250,185000,193250,200000,195000
395224,82,"Wichita, KS",Msa,KS,122500,127400,136250,134700,125000,131500,123000,123250,123900,117160,110000,120000,112000,118900,123500,134000,134900,137000,127000,132750,130000,121500,132800,132000,130000,138150,139950,140200,136900,138250,127250,129900,133500,129020,133000,129000,129000,132075,142325,139700,139900,140000,145000,143500,138500,147800,139500,136200,126000,136000,146000,150000,149000,150390,149000,145000,136450,142000,140000,139900,135000,145900,150500,155650,146750,153000,149000,149900,145125,144250,147500,147000,150000,149900,162000,165000,174950,150000,148000,150000,160000,152750,135000,153000,157500,175000,159500,168500,180000,180500
395115,83,"Springfield, MA",Msa,MA,174900,184000,192950,200000,207250,197750,183000,184000,175000,175500,182000,165000,180500,189000,187750,203500,190000,200000,175000,183750,194000,178000,179450,180500,180000,192500,205000,200000,208700,214000,195000,189000,191000,180500,184300,175000,180000,186100,205000,205000,209750,207250,199895,192000,193891,195000,195000,185000,193500,194500,196000,214500,218750,209900,212500,205550,216500,200000,197500,195000,200000,210000,216500,228000,220000,220000,215000,220000,220000,213100,199450,196000,205000,211000,225570,226000,234900,230000,220200,230000,225000,225000,219500,213000,220000,230000,235000,233000,243000,250000
394440,84,"Fort Myers, FL",Msa,FL,159900,165000,168500,179500,170000,165000,165000,172750,170000,182000,180000,175000,180250,185000,191000,194950,179950,182000,183000,186900,199900,195000,188210,181264,200990,200000,210000,200000,205000,189900,194900,192000,207000,215000,209950,197500,195500,208500,208500,209690,209000,207000,210000,206000,215000,215000,216200,209000,220000,225000,220000,216805,220000,215000,220000,211175,215700,220000,220000,225000,229800,235000,229000,229540,235000,229900,225000,225000,229900,232900,230000,223900,220000,230000,235000,230000,225000,227025,228000,229000,230000,234900,229000,233000,242000,242000,236000,233683,244975,249900
394399,85,"Boise City, ID",Msa,ID,160000,165000,167490,178477,173000,175000,170000,180000,178243,178500,174000,166001,172758,175000,182900,187900,183250,185000,175000,183500,189000,186000,179000,184000,190000,187950,196150,200000,205000,200000,196740,200000,204900,207000,193450,202830,202500,209957,216187,218000,222000,219900,221950,223900,218750,223000,217216,228500,227460,225000,230000,239900,240000,245000,240090,242500,236990,250000,253209,251995,269900,260000,268120,284945,283500,283250,279150,279900,279900,275900,275000,284700,282990,299000,301000,307990,303500,305000,302500,301000,313500,303000,319995,319900,325750,324785,326613,339250,350000,365000
395160,86,"Toledo, OH",Msa,OH,105000,99900,120000,121150,114500,115000,99000,92000,107500,100000,97250,78750,82500,99450,105000,112500,115500,120000,108950,106500,106000,105000,88000,102450,110000,107900,123900,117900,125000,107000,115000,115000,106500,114000,95000,105000,113250,118250,114938,119450,120000,111000,114500,117000,112500,113413,111500,110000,99950,120000,130000,129000,129000,126000,116000,118250,110000,112000,103000,108950,115000,121000,127000,130000,135000,126750,135000,114600,120500,115900,110000,121950,126500,122000,136750,130450,135000,130000,142000,124900,130000,130000,116000,128000,131500,136000,144500,137000,140000,145000
394816,87,"Madison, WI",Msa,WI,184500,198000,200000,211000,205000,206000,199900,197800,196000,189000,187350,182250,195000,195643,199900,205000,226250,216700,210000,200000,207500,205000,198500,201450,206900,212000,220400,222500,220000,228500,216000,210000,220000,220000,217900,205750,213000,225500,219250,232000,238000,238900,228000,218000,232350,229900,220000,234450,240000,248900,242000,259900,250000,262450,245000,247000,247500,235905,251750,240000,260000,251950,260900,274950,272000,260000,253700,259950,259950,260000,267000,251000,261000,268000,277000,286900,275500,275712,265000,265000,276000,265000,262000,275850,272750,299900,295000,300000,290000,305000
394766,88,"Lakeland, FL",Msa,FL,112500,119000,127900,124700,125000,139500,129000,130000,135000,140480,140150,130000,128000,133000,130000,140000,140400,145000,143000,145000,144200,146490,146745,140000,148490,145500,150000,152600,154000,150000,155000,153000,155000,151500,159000,146200,160000,154900,158250,162000,162990,168000,167000,170000,171500,169900,169900,163350,169450,169900,172500,182700,179900,179000,180798,180000,180000,186999,189925,186000,185495,185000,189000,194000,190000,199000,195990,196000,198995,201990,200000,198500,199990,200990,202248,210000,206998,208000,210000,209000,210000,210000,210745,210000,214795,215000,214500,215500,225000,225000
394931,89,"Ogden, UT",Msa,UT,172900,185000,189800,183000,193000,188938,184900,182850,184000,184950,178000,179950,190500,184000,189250,189900,193000,199900,192000,190000,189900,188500,185000,189000,197000,194000,208000,205000,206850,200000,207250,208250,210000,202000,200500,196000,214975,218200,225000,229900,221450,226000,227000,226000,225000,223250,223500,226900,227900,230000,240000,250000,250000,250000,245000,243500,244000,249900,247000,249000,258000,260062,265000,278000,273000,270000,268000,270000,275000,272000,257000,276500,269900,280750,290000,299500,291000,298750,289000,299000,291000,298000,288000,299900,300113,315450,326900,315000,339900,340000
394528,90,"Daytona Beach, FL",Msa,FL,125000,125000,132500,142000,139950,144950,145000,145000,150000,146000,150000,150000,143990,145500,152000,157000,153000,151500,150000,150900,150000,156750,150000,147000,153000,155500,160000,160000,163500,163125,162288,159700,160000,165000,165000,156750,169000,166000,175000,175000,172900,175465,175000,177000,180000,175000,167945,175000,180000,182900,184450,194900,190858,195000,195000,191900,192000,197500,190000,199000,200000,205000,203143,208495,209900,214000,215000,210000,215000,218375,210000,215000,211900,211000,220000,225000,215990,219000,225000,220000,225503,225000,222500,225000,230000,225000,228000,236950,243000,243900
394531,91,"Des Moines, IA",Msa,IA,149000,160000,160000,168750,169500,166500,168000,156000,163000,164250,155000,152750,150000,159500,163500,175000,172000,170000,169000,160000,168500,155000,154600,164000,165000,165000,174750,177000,175000,180900,177500,174000,185000,182100,170000,173000,165000,175000,175000,187500,192500,187000,178250,184900,181750,180000,182000,175000,176750,185000,193500,200000,195500,195500,190000,203000,192750,195000,188000,196000,193500,200000,202250,215500,208000,205250,207500,199000,205000,192000,195000,192000,214500,215000,209950,227000,218000,223000,217250,211000,215000,221000,210000,204000,213005,224500,225000,230000,230000,241688
394711,92,"Jackson, MS",Msa,MS,146500,149000,162500,157000,160000,156000,158000,136000,158000,159325,131000,160000,145950,150000,162000,163000,164250,162750,164750,155900,157200,173000,152500,154600,167500,167500,172750,175000,173000,168000,163000,167500,167000,168000,175000,155000,167000,174250,170000,179950,180000,176000,168750,165000,173500,168250,150000,163500,174350,175000,187500,183250,181000,182200,180000,177000,168500,164000,168500,168450,175000,179000,184700,193782,191500,189950,185000,190000,189450,178950,180000,172000,187250,187000,191750,198000,189950,191500,183000,189900,187500,193000,175500,191000,204000,207400,205000,215000,226500,216000
394352,94,"Augusta, GA",Msa,GA,137900,135000,138500,150000,152000,141500,138000,130000,145000,144250,125000,133650,140500,134100,144000,160000,155450,145000,143538,147450,147300,148000,123000,138000,145000,148000,155000,161100,163700,153000,147350,140000,141900,140000,150000,147000,147500,150000,152450,165000,162900,150000,154250,150000,149350,155000,144000,154900,159450,157000,157500,172500,166000,160000,165000,172500,160000,174010,162000,171250,160000,173250,172000,187000,185000,177000,179900,178500,177950,180000,177225,174000,183600,177500,180000,199900,187200,194900,175000,180000,184700,189000,181900,181900,195500,200000,198000,206500,212000,202900
394666,96,"Harrisburg, PA",Msa,PA,150000,167000,162500,172650,170000,165000,159900,163000,165000,168500,150000,164950,158450,161000,159900,170000,170000,169900,160000,160000,175000,172950,156500,159900,159900,168000,175000,175000,170000,172700,165000,169900,164900,162000,156000,160000,158000,165000,182000,175000,178000,172500,174000,172500,170000,175000,160000,163000,166950,172750,176990,185000,182000,185000,177950,170000,175000,182250,174900,168500,169950,175000,179950,181000,185000,185000,175000,184900,180000,181000,185000,169900,176000,184900,190250,194000,194000,202365,187500,191800,189950,190000,183000,181000,186100,202000,196000,199950,216500,210900
395006,100,"Provo, UT",Msa,UT,198000,190000,214250,211900,216725,211150,215000,210250,215450,218000,216875,210000,212000,215000,219750,229250,230000,229900,217000,223750,226400,235000,216450,227650,232979,225539,237000,243700,238000,232900,240000,239900,250851,243600,248500,251550,242650,252000,258000,258900,259000,269900,255500,251000,255000,260000,260000,265000,264460,272000,275750,273000,280000,276500,275000,280000,284900,275600,281000,305000,285000,296000,307000,305000,314000,307985,302800,305000,305750,309000,304750,309900,305000,315500,324000,325500,321580,329990,330000,332950,330000,335000,329900,340000,339900,350000,332575,356000,355000,370000
394549,104,"Durham, NC",Msa,NC,197500,195000,208500,211000,200500,200000,190000,195000,203500,208500,210500,199000,200000,205000,214500,219500,204000,214000,190000,203000,210000,211000,205500,200000,218250,218000,226000,228750,220000,215000,225000,220000,235000,234000,231000,225000,243000,230000,233500,250000,246250,243000,225000,232250,235000,247500,233250,245250,238000,250500,254500,265500,267750,260000,247500,266000,275000,272500,252000,270000,276000,273000,279500,283250,280000,284500,275000,275500,285000,300000,272000,284000,287750,290000,289000,290000,285000,275000,275000,280500,290000,290000,280000,283000,317000,300000,295000,305000,300000,320000
394995,119,"Port St. Lucie, FL",Msa,FL,128000,130000,134900,145000,138000,150000,140100,144950,146000,160000,146000,150000,153800,150000,151100,159900,160000,165000,161300,163250,154900,160000,169000,165000,156000,167500,162500,175000,177000,176500,175000,170000,175750,172750,189950,165000,183500,187000,198000,190000,196950,190000,192500,193000,197555,207000,195250,199000,206750,210998,212000,212960,218000,215000,210000,214000,219000,215000,211125,211390,223000,220000,224900,222600,222033,226232,225000,230000,221390,227395,227000,229900,230000,239800,240458,244000,239543,241185,248500,245000,246525,243443,246250,243725,250000,248000,237950,250000,257000,260000
395183,124,"Vallejo, CA",Msa,CA,251000,250000,252250,265000,262500,285000,276548,279750,284000,280000,300000,280000,315000,305000,310000,305000,336500,320000,315750,317000,315000,320000,325000,322500,350000,333750,353500,365000,337500,350000,350000,350000,355000,365000,369000,370000,365000,371000,380500,385000,392000,400000,395000,390000,375000,405500,377250,375000,405000,405000,410000,410000,415750,407000,415000,415000,415000,423000,415000,420000,440000,429000,442500,440000,445000,446500,436500,435000,453500,425500,413000,411500,435000,430000,435000,440000,453750,446500,440000,449500,432000,445000,430000,442500,450000,470000,450000,470000,475000,480000
394746,128,"Killeen, TX",Msa,TX,129900,124500,135000,137000,132000,129925,120800,127000,123000,135000,110000,118950,125700,125000,132500,134400,131500,139900,128750,125000,136000,132500,131000,129730,129900,137000,152000,146000,148900,139900,137450,142200,146300,135000,130670,140000,144770,144250,145000,145500,148250,145000,140700,149900,139900,147500,143495,140000,146500,150250,159900,158900,159000,155595,157700,156100,157500,152000,142700,152950,157000,157650,162250,165000,165000,165000,159900,157500,163955,156375,157900,157900,160000,167000,170000,176000,168000,169700,168000,174000,166100,161500,165000,173500,178000,179950,185000,190000,191000,193000
395048,132,"Salem, OR",Msa,OR,176500,169900,165000,175000,185450,174900,183413,181700,179900,182000,160500,180000,174750,179000,189750,199900,197700,195000,198250,197900,187400,191000,186575,191700,199900,202000,200000,207000,215000,200000,206000,206500,219000,218500,222400,213350,220000,230000,225000,232000,233000,232869,234900,238000,241500,239900,235000,235900,250000,247000,250000,254950,252000,260000,259200,258950,269000,269900,265000,275231,275000,279900,285000,284900,302700,300000,286250,281000,289000,287990,290000,293000,300000,305000,301000,311750,315000,315000,308000,311990,310340,315000,310000,319998,325000,323274,325000,330000,339000,335000
394927,149,"Ocala, FL",Msa,FL,102000,103250,97000,110000,110000,102000,109950,110000,100000,106000,102000,100000,108500,101550,109900,118000,115000,109700,111900,107750,110000,106900,108000,100000,110000,112000,114950,114900,119000,117500,127500,119950,115000,119000,119000,114750,125000,125000,130000,129700,135000,121000,130000,125000,129000,133500,139900,127500,134250,136250,143000,150000,147500,146900,152500,150000,142500,150000,141500,151700,149900,147250,152000,163000,161450,157000,168500,160000,159900,166900,159950,160000,161000,162000,166800,175000,169500,168850,165000,165000,170000,173363,169900,165750,175000,175150,164500,175846,175000,180000
394602,159,"Fort Collins, CO",Msa,CO,234900,233089,236800,245000,244250,247500,252750,253500,240000,247207,255700,236872,243472,249900,260500,255000,255000,259035,258000,260758,268516,280650,288367,276900,299238,299000,290345,307000,298000,296378,301250,297500,304237,314950,315000,320750,327871,330000,333415,337000,334250,324748,327000,335000,338500,350000,332500,345500,348450,345875,349500,356750,355000,355000,342500,363460,361000,364700,372500,371000,383874,375000,387500,385000,382950,375128,385000,380000,390000,382500,390000,385000,390000,388900,400000,400000,388400,395000,390000,384779,385914,395000,397500,390000,392233,403441,400156,410000,404050,420270
394405,162,"Boulder, CO",Msa,CO,323700,325000,343000,365000,333000,329900,325000,334950,325000,346500,333500,337200,357000,341000,336000,375000,362500,355000,341075,354608,345450,359500,362500,352000,406502,373116,389667,389000,405500,387500,375000,400000,416804,425000,413085,410250,457500,443000,437400,475000,447500,436502,430000,430207,440000,418500,459950,437500,460000,482000,500000,494750,473750,463111,479902,485000,441000,535300,512250,499900,530900,536500,550000,535550,529000,512170,528938,525000,520000,578098,507500,554900,545000,565000,539000,541000,550000,543100,526500,535000,540000,530000,546000,542500,549750,550000,540000,540000,559250,589900
394471,172,"Clarksville, TN",Msa,TN,144200,139900,148750,159000,155450,154900,147000,148225,142750,146825,151450,144975,149950,144000,160000,154500,150000,157950,150000,150000,151000,143475,144750,140000,145000,144500,151875,161000,165925,154000,158250,155500,150000,158000,140000,159000,150000,150000,150900,159950,173000,168000,155000,165000,159000,165000,149900,162250,156000,158500,160950,162500,167750,160000,159900,165000,165000,165000,160000,165000,166000,170000,174450,184500,181250,171000,177750,171700,166100,174500,172500,181000,179900,187000,190000,199900,200000,189950,198000,189900,188000,192000,202900,200000,199999,213000,205000,215000,216000,215000
394645,177,"Greeley, CO",Msa,CO,214825,209126,214900,212338,213858,205000,203693,218000,209000,220000,210500,219000,231015,225000,231457,222438,233180,225000,230000,234780,237947,243000,239500,249922,249000,253210,252000,260000,269700,260500,255000,252226,273000,267800,268635,268900,274500,277707,285000,289344,297900,290000,290000,294500,296987,300000,288900,301615,314765,321545,328900,323000,325000,330000,325950,324000,330000,340000,321000,330453,337600,335000,348037,339000,342000,345685,342137,346500,354850,350000,350000,338250,350000,356935,360000,357500,357400,361660,364000,359000,368000,355497,363095,360000,379950,379683,379500,379400,382500,387000
394813,189,"Macon-Bibb County, GA",Msa,GA,109000,88000,125500,105616,116399,96750,108000,109900,87950,120000,107500,101000,119500,90500,114500,115000,122000,128000,124000,119000,129500,108000,109900,98950,119300,113450,105000,134900,122650,125000,115000,121500,107000,118000,114000,94000,127550,120950,127950,125000,122000,116500,115000,95000,117000,102800,120450,122800,108000,125000,125000,134000,127500,132704,135000,127970,135000,125500,107750,109000,131000,135000,136500,142500,133000,136000,139000,130000,122200,145000,114950,130000,130000,135000,144000,162900,149000,156250,135000,140500,135000,136700,135000,133745,148950,150000,139500,147400,164900,159950
394346,220,"Athens, GA",Msa,GA,130000,145500,170000,167000,159500,150000,161500,165100,138000,155000,152900,133000,142500,155000,156250,169000,149000,165000,154800,164900,151949,149950,144500,153500,156000,162700,178000,169500,160000,173950,172501,157550,161000,168000,169000,160500,162250,191250,174000,187900,171000,170000,168000,175500,159000,157750,182900,158950,169400,197224,178389,185000,196850,184900,198500,185250,175000,212000,163500,190900,189700,199000,204500,210000,204700,200500,189000,188000,202710,188000,192200,173250,204950,210000,220000,215000,210000,215000,216900,210950,202300,219900,213750,215000,239900,238399,239500,224950,245000,235900
394623,229,"Gainesville, GA",Msa,GA,142500,140000,157000,172108,174750,154163,160000,164115,164950,201000,163750,167000,154143,180000,167000,191950,190000,179900,166000,163750,167000,185000,144250,179950,185750,191900,172350,190000,179900,195000,187250,177450,175000,185100,175900,169900,187430,183000,189950,194900,206500,190000,198950,192900,206480,197549,205000,199250,192942,199279,202000,213000,230000,210000,205000,225000,199700,236000,184900,194900,235000,235000,226394,225000,250000,215000,239900,227100,249900,228400,235000,238535,234900,231000,253500,248000,248000,239000,225000,247900,239950,245000,252500,250000,260000,258467,249750,264221,272000,284900
395246,244,"Yuba City, CA",Msa,CA,156500,167250,180000,185000,190000,185000,190000,198750,196000,195000,205000,190500,215000,210000,210000,210000,209000,210000,207000,207250,196250,200000,218250,213000,219000,213250,225000,235000,225000,233500,232500,242500,234500,223500,220000,237750,244500,226000,230000,245000,253250,250000,250000,246500,256000,250000,242000,260000,250000,260000,269000,272000,265000,275000,269000,275000,266750,261500,265000,282000,276000,281750,280000,300000,285000,285000,280000,278000,285000,299250,287000,296000,293000,300000,306500,299000,306500,305000,315000,312000,317000,310000,320000,306000,313000,320000,325000,330000,336000,335000
395009,251,"Punta Gorda, FL",Msa,FL,135000,126400,132000,146000,135900,142000,142250,135000,125000,155000,128500,124950,135000,140000,145000,150000,150000,151950,137500,148900,150000,152750,157500,139950,152500,147500,170450,165000,168000,158950,155000,161900,159900,165000,165000,159900,172500,172000,176000,170000,168400,178000,181700,179000,175000,177950,180000,176450,175000,184500,184000,189000,186150,197500,185000,175000,186000,197900,185000,182500,189950,206000,200000,210200,195000,200000,204900,202700,225000,212000,205000,205000,204500,219000,214900,215000,210000,215078,215000,217545,226400,217375,227500,228500,229678,229900,230050,229900,239700,234950
395007,253,"Pueblo, CO",Msa,CO,124900,131500,133250,130950,138500,131250,130000,114500,139000,138900,140400,137000,122700,135000,135000,134000,148500,148500,128750,140000,138000,135500,135000,120000,130000,150000,137250,149000,150000,153250,158950,150000,150000,150000,155000,136000,152000,157000,152000,159450,162500,168500,151900,154000,158900,153000,145000,160000,148750,167000,167000,173400,172000,171000,185200,177500,178500,164900,164750,185000,172550,183000,189900,194050,197875,190000,185000,185000,180000,179000,195000,199900,190000,187000,200000,215000,205000,208000,204500,209500,210500,214950,195000,180000,209000,232900,226750,215000,235000,240000
395094,331,"Sherman, TX",Msa,TX,105000,117450,120000,115500,138750,100625,125500,119000,93000,116538,82273,115450,94950,89000,112450,142250,123000,128500,123000,130000,122450,141225,127750,125950,120000,136149,122900,134738,128700,146540,133000,120000,147000,147000,149500,143751,135000,145000,135000,151000,155000,145000,152700,154350,149900,149375,138825,167000,152000,139000,167950,185000,164000,167000,180000,165861,185000,149900,169700,157450,179500,174000,192000,190000,187900,171121,192500,175000,195000,171000,180000,174250,180000,176750,185000,205000,207000,178250,195000,178250,182750,189950,187000,173500,179500,191250,180000,194000,212000,209500
394546,343,"Dunn, NC",Msa,NC,157250,159500,153500,168500,170000,162000,163000,175000,151000,166000,156000,153000,168250,162500,171750,171750,160000,162000,177000,156000,159900,169500,160000,154900,154000,160250,175500,175750,174000,160000,172000,160000,155501,169000,164900,164250,168000,167000,160000,174000,169000,168000,160000,169625,165000,164500,163000,158250,165000,169900,170000,180000,185000,172000,175000,166750,182500,185500,169450,168500,175000,172000,176000,189750,185500,175000,171500,162500,190750,187250,180000,186500,185000,188000,187000,200000,204000,210000,199900,195000,210000,203500,189000,198000,198000,205750,210000,215000,213000,224900
395166,383,"Truckee, CA",Msa,CA,300000,327500,304000,294000,310000,350000,325000,335000,352500,335750,290750,336000,349000,334500,320000,338500,328750,358250,369000,338500,385000,325000,359500,328000,349000,367000,369750,378000,352000,349750,370000,359000,363750,380000,379000,372500,385000,360000,370000,375000,385000,383500,384250,403000,375000,360000,410000,399250,392250,430000,408000,415000,400000,435000,449500,438250,445000,430000,410000,415000,445000,454000,452000,482000,455250,467000,475000,460000,447000,415000,417273,470000,427000,490000,420000,442500,469500,475000,436750,488250,476250,440000,427250,433500,454500,460000,445000,480000,573500,625000
395153,399,"The Villages, FL",Msa,FL,215430,224400,226035,225100,232012,221495,231563,242700,226350,231695,261732,249300,246200,235000,238904,236200,249700,254834,250000,249950,255000,260156,269000,257250,265000,253000,253000,250000,250400,261800,254701,265000,259950,275000,260000,249350,250000,249480,255000,253400,250000,244000,253000,266500,249950,245000,246750,250000,242500,243000,232000,244500,245678,243250,244000,245900,251188,255000,261766,264600,265000,253000,265900,271000,265000,253451,264240,272000,268700,284460,262080,274993,273850,273985,279000,264743,259900,278985,268310,276000,270500,282000,284460,279450,280000,275000,274950,260000,273000,285000
394586,504,"Faribault, MN",Msa,MN,174900,157000,170250,157450,179400,165000,174450,160000,151200,169000,179900,152900,193500,153294,179000,180000,169250,176000,174900,165000,168950,173000,173470,178450,139450,186000,162500,190000,183000,180213,181200,165600,164500,164800,170300,168144,185000,187250,180450,179777,209950,203000,190000,193950,198400,183500,190000,180000,194950,211645,199450,209488,220000,231756,215000,204000,197200,208750,218900,218500,194900,220000,202750,221000,222318,236306,225000,208676,220000,225000,219450,211700,229900,239500,240000,255000,245000,267000,247495,240500,237500,240000,225450,226200,255500,253750,265000,267983,280000,264000
394309,527,"Albemarle, NC",Msa,NC,100000,117500,121000,125000,121750,123750,114500,113750,105000,145000,97500,105000,105000,110000,114000,155000,102500,120000,139000,122250,124250,105500,105000,117500,122500,120000,114000,153750,128000,106500,121500,135500,118500,124500,132750,133250,138000,125000,100000,122000,139500,132000,151500,163250,122000,133500,124000,149000,122750,123500,147500,152500,144250,154400,176250,155500,160000,128000,128000,135000,143000,155000,143250,142750,139000,164000,150000,151500,142000,155000,154000,165000,165000,169950,170500,192500,174500,184000,180000,179000,169500,194000,157000,192000,168000,169000,175000,200000,184100,183000
394742,595,"Kerrville, TX",Msa,TX,153300,196000,164000,167000,206940,178000,155000,154950,158850,184500,165000,167647,144500,163250,162450,194600,173500,165750,156500,193000,200375,185450,174000,169500,189950,223500,170000,159500,201500,170000,180000,218000,188500,181000,176500,195000,150000,175000,193000,219250,195000,228900,222500,220000,213625,226000,194000,210000,215500,245000,222500,246200,225000,200000,198000,237000,225000,244500,255000,215000,235000,253125,250000,266000,257500,223500,228000,263000,256500,267500,240500,247500,242500,255750,289000,267000,236250,235000,232750,318500,239750,256750,268000,273500,278500,275079,304500,265650,281063,298750
395091,641,"Shelbyville, TN",Msa,TN,111700,104950,110000,104950,88500,109450,105001,89000,121900,104250,93000,120000,110500,106500,91500,121950,114950,121750,111250,100000,105100,110000,96500,119900,118000,106750,111000,127250,143000,115900,115000,106300,129900,129250,110240,135000,117450,134400,125000,125000,144650,126900,150000,140000,134950,129750,124950,130000,134000,154950,144900,149500,165000,161000,155000,160000,150000,170250,159900,160000,155500,160000,166800,164000,162500,171000,194900,161000,166500,162450,160000,197200,185000,179900,183500,176900,187900,201000,194825,193950,191500,205000,187495,174950,189000,189950,209150,187000,213000,198000
395230,672,"Wilmington, OH",Msa,OH,82000,82750,118339,85000,79900,105900,97250,109500,88000,84900,99900,97500,98250,99500,78000,110000,121000,107500,77250,128000,106500,115000,94000,105500,109500,116000,102060,105000,129000,130000,125000,90000,94900,111500,90000,74000,81000,132500,151500,110000,124900,117250,122900,116000,115450,95000,79200,119900,100650,100450,114500,135000,125950,135100,124000,103000,145900,82200,118000,115500,152250,135000,123150,129000,137500,128300,130000,126000,115250,126250,120000,124000,128800,135000,158950,140000,123050,135000,142500,137500,134000,136500,139900,135450,128600,138450,138500,160000,165000,159900
