date,pmms30,pmms30p,pmms15,pmms15p,pmms51,pmms51p,pmms51m,pmms51spread
2/7/2008,5.67,0.4,5.15,0.4,5.21,0.4,2.75,
2/14/2008,5.72,0.4,5.25,0.4,5.19,0.4,2.75,
2/21/2008,6.04,0.6,5.64,0.5,5.37,0.5,2.75,
2/28/2008,6.24,0.5,5.72,0.5,5.43,0.4,2.75,
3/6/2008,6.03,0.5,5.47,0.5,5.34,0.5,2.75,
3/13/2008,6.13,0.5,5.6,0.5,5.58,0.6,2.75,
3/20/2008,5.87,0.5,5.27,0.5,5.56,0.9,2.75,
3/27/2008,5.85,0.4,5.34,0.4,5.67,0.6,2.74,
4/3/2008,5.88,0.5,5.42,0.5,5.59,0.6,2.75,
4/10/2008,5.88,0.4,5.42,0.4,5.56,0.6,2.76,
4/17/2008,5.88,0.4,5.4,0.5,5.48,0.6,2.75,
4/24/2008,6.03,0.3,5.62,0.3,5.68,0.5,2.76,
5/1/2008,6.06,0.5,5.59,0.5,5.73,0.5,2.76,
5/8/2008,6.05,0.3,5.6,0.3,5.67,0.5,2.76,
5/15/2008,6.01,0.6,5.6,0.5,5.57,0.6,2.75,
5/22/2008,5.98,0.5,5.55,0.6,5.61,0.6,2.76,
5/29/2008,6.08,0.6,5.66,0.6,5.62,0.5,2.78,
6/5/2008,6.09,0.6,5.65,0.6,5.51,0.5,2.76,
6/12/2008,6.32,0.7,5.93,0.6,5.7,0.7,2.76,
6/19/2008,6.42,0.7,6.02,0.7,5.89,0.6,2.76,
6/26/2008,6.45,0.6,6.04,0.6,5.99,0.7,2.74,
7/3/2008,6.35,0.6,5.92,0.6,5.78,0.7,2.75,
7/10/2008,6.37,0.6,5.91,0.6,5.82,0.6,2.73,
7/17/2008,6.26,0.6,5.78,0.6,5.8,0.6,2.75,
7/24/2008,6.63,0.6,6.18,0.6,6.16,0.7,2.75,
7/31/2008,6.52,0.7,6.07,0.6,6.07,0.6,2.74,
8/7/2008,6.52,0.7,6.1,0.7,6.05,0.6,2.73,
8/14/2008,6.52,0.7,6.07,0.7,6.02,0.6,2.74,
8/21/2008,6.47,0.7,6,0.7,5.99,0.6,2.72,
8/28/2008,6.4,0.6,5.93,0.6,6.03,0.6,2.74,
9/4/2008,6.35,0.7,5.9,0.6,5.97,0.6,2.75,
9/11/2008,5.93,0.7,5.54,0.7,5.87,0.7,2.73,
9/18/2008,5.78,0.6,5.35,0.6,5.67,0.6,2.72,
9/25/2008,6.09,0.7,5.77,0.6,6.02,0.6,2.74,
10/2/2008,6.1,0.6,5.78,0.6,6,0.6,2.75,
10/9/2008,5.94,0.6,5.63,0.6,5.9,0.6,2.74,
10/16/2008,6.46,0.6,6.14,0.6,6.14,0.6,2.74,
10/23/2008,6.04,0.6,5.72,0.6,6.06,0.6,2.74,
10/30/2008,6.46,0.7,6.19,0.7,6.36,0.7,2.75,
11/6/2008,6.2,0.7,5.88,0.7,6.19,0.6,2.74,
11/13/2008,6.14,0.7,5.81,0.7,5.98,0.6,2.74,
11/20/2008,6.04,0.7,5.73,0.7,5.87,0.6,2.74,
11/26/2008,5.97,0.7,5.74,0.7,5.86,0.6,2.75,
12/4/2008,5.53,0.7,5.33,0.7,5.77,0.6,2.74,
12/11/2008,5.47,0.7,5.2,0.7,5.82,0.6,2.75,
12/18/2008,5.19,0.7,4.92,0.7,5.6,0.6,2.74,
12/24/2008,5.14,0.8,4.91,0.7,5.49,0.6,2.75,
12/31/2008,5.1,0.7,4.83,0.7,5.57,0.7,2.74,
1/8/2009,5.01,0.6,4.62,0.7,5.49,0.7,2.74,
1/15/2009,4.96,0.7,4.65,0.7,5.25,0.6,2.74,
1/22/2009,5.12,0.7,4.8,0.7,5.24,0.6,2.74,
1/29/2009,5.1,0.7,4.8,0.7,5.27,0.6,2.74,
2/5/2009,5.25,0.8,4.92,0.8,5.26,0.6,2.74,
2/12/2009,5.16,0.7,4.81,0.7,5.23,0.6,2.74,
2/19/2009,5.04,0.7,4.68,0.6,5.04,0.6,2.71,
2/26/2009,5.07,0.7,4.68,0.7,5.06,0.7,2.71,
3/5/2009,5.15,0.7,4.72,0.7,5.08,0.6,2.7,
3/12/2009,5.03,0.7,4.64,0.7,4.99,0.6,2.7,
3/19/2009,4.98,0.7,4.61,0.7,4.98,0.7,2.7,
3/26/2009,4.85,0.7,4.58,0.7,4.96,0.7,2.74,
4/2/2009,4.78,0.7,4.52,0.7,4.92,0.7,2.74,
4/9/2009,4.87,0.7,4.54,0.7,4.93,0.7,2.73,
4/16/2009,4.82,0.6,4.48,0.6,4.88,0.6,2.74,
4/23/2009,4.8,0.7,4.48,0.7,4.85,0.6,2.75,
4/30/2009,4.78,0.7,4.48,0.7,4.8,0.6,2.74,
5/7/2009,4.84,0.7,4.51,0.7,4.9,0.6,2.74,
5/14/2009,4.86,0.6,4.52,0.6,4.82,0.6,2.74,
5/21/2009,4.82,0.7,4.5,0.7,4.79,0.6,2.74,
5/28/2009,4.91,0.7,4.53,0.7,4.82,0.6,2.75,
6/4/2009,5.29,0.7,4.79,0.7,4.85,0.6,2.75,
6/11/2009,5.59,0.7,5.06,0.7,5.17,0.6,2.75,
6/18/2009,5.38,0.7,4.89,0.7,4.97,0.6,2.74,
6/25/2009,5.42,0.7,4.87,0.7,4.99,0.7,2.74,
7/2/2009,5.32,0.7,4.77,0.7,4.88,0.7,2.74,
7/9/2009,5.2,0.7,4.69,0.7,4.82,0.6,2.74,
7/16/2009,5.14,0.7,4.63,0.7,4.83,0.7,2.74,
7/23/2009,5.2,0.7,4.68,0.7,4.74,0.7,2.74,
7/30/2009,5.25,0.7,4.69,0.7,4.75,0.6,2.74,
8/6/2009,5.22,0.6,4.63,0.6,4.73,0.6,2.74,
8/13/2009,5.29,0.7,4.68,0.7,4.75,0.6,2.74,
8/20/2009,5.12,0.7,4.56,0.7,4.57,0.6,2.74,
8/27/2009,5.14,0.7,4.58,0.7,4.67,0.6,2.74,
9/3/2009,5.08,0.7,4.54,0.6,4.59,0.6,2.74,
9/10/2009,5.07,0.7,4.5,0.7,4.51,0.5,2.74,
9/17/2009,5.04,0.7,4.47,0.6,4.51,0.5,2.74,
9/24/2009,5.04,0.6,4.46,0.6,4.51,0.5,2.74,
10/1/2009,4.94,0.7,4.36,0.6,4.42,0.6,2.74,
10/8/2009,4.87,0.7,4.33,0.7,4.35,0.5,2.75,
10/15/2009,4.92,0.7,4.37,0.7,4.38,0.6,2.74,
10/22/2009,5,0.7,4.43,0.6,4.4,0.6,2.74,
10/29/2009,5.03,0.7,4.46,0.6,4.42,0.6,2.73,
11/5/2009,4.98,0.7,4.4,0.6,4.35,0.6,2.74,
11/12/2009,4.91,0.7,4.36,0.6,4.29,0.6,2.74,
11/19/2009,4.83,0.7,4.32,0.6,4.25,0.6,2.74,
11/25/2009,4.78,0.7,4.29,0.6,4.18,0.6,2.74,
12/3/2009,4.71,0.7,4.27,0.6,4.19,0.6,2.75,
12/10/2009,4.81,0.7,4.32,0.6,4.26,0.5,2.74,
12/17/2009,4.94,0.7,4.38,0.6,4.37,0.6,2.74,
12/24/2009,5.05,0.7,4.45,0.6,4.4,0.6,2.74,
12/31/2009,5.14,0.7,4.54,0.7,4.44,0.6,2.75,
1/7/2010,5.09,0.7,4.5,0.7,4.44,0.6,2.74,
1/14/2010,5.06,0.7,4.45,0.6,4.32,0.6,2.74,
1/21/2010,4.99,0.7,4.4,0.6,4.27,0.6,2.74,
1/28/2010,4.98,0.6,4.39,0.6,4.25,0.6,2.74,
2/4/2010,5.01,0.7,4.4,0.7,4.27,0.6,2.74,
2/11/2010,4.97,0.7,4.34,0.6,4.19,0.6,2.73,
2/18/2010,4.93,0.7,4.33,0.6,4.12,0.5,2.74,
2/25/2010,5.05,0.7,4.4,0.7,4.16,0.6,2.74,
3/4/2010,4.97,0.7,4.33,0.7,4.11,0.6,2.74,
3/11/2010,4.95,0.7,4.32,0.7,4.05,0.6,2.74,
3/18/2010,4.96,0.7,4.33,0.6,4.09,0.6,2.74,
3/25/2010,4.99,0.6,4.34,0.6,4.14,0.6,2.74,
4/1/2010,5.08,0.7,4.39,0.6,4.1,0.6,2.75,
4/8/2010,5.21,0.6,4.52,0.6,4.25,0.6,2.75,
4/15/2010,5.07,0.6,4.4,0.7,4.08,0.6,2.74,
4/22/2010,5.07,0.7,4.39,0.6,4.03,0.6,2.75,
4/29/2010,5.06,0.7,4.39,0.7,4,0.6,2.75,
5/6/2010,5,0.7,4.36,0.7,3.97,0.7,2.74,
5/13/2010,4.93,0.7,4.3,0.6,3.95,0.6,2.74,
5/20/2010,4.84,0.7,4.24,0.7,3.91,0.6,2.74,
5/27/2010,4.78,0.7,4.21,0.7,3.97,0.7,2.75,
6/3/2010,4.79,0.8,4.2,0.7,3.94,0.7,2.74,
6/10/2010,4.72,0.7,4.17,0.7,3.92,0.7,2.75,
6/17/2010,4.75,0.7,4.2,0.7,3.89,0.7,2.75,
6/24/2010,4.69,0.7,4.13,0.6,3.84,0.7,2.74,
7/1/2010,4.58,0.7,4.04,0.7,3.79,0.7,2.75,
7/8/2010,4.57,0.7,4.07,0.7,3.75,0.7,2.74,
7/15/2010,4.57,0.7,4.06,0.7,3.85,0.7,2.74,
7/22/2010,4.56,0.7,4.03,0.7,3.79,0.6,2.74,
7/29/2010,4.54,0.7,4,0.7,3.76,0.7,2.75,
8/5/2010,4.49,0.7,3.95,0.6,3.63,0.6,2.74,
8/12/2010,4.44,0.7,3.92,0.6,3.56,0.7,2.74,
8/19/2010,4.42,0.7,3.9,0.6,3.56,0.6,2.74,
8/26/2010,4.36,0.7,3.86,0.6,3.56,0.6,2.75,
9/2/2010,4.32,0.7,3.83,0.6,3.54,0.6,2.75,
9/9/2010,4.35,0.7,3.83,0.6,3.56,0.6,2.75,
9/16/2010,4.37,0.7,3.82,0.6,3.55,0.6,2.74,
9/23/2010,4.37,0.7,3.82,0.7,3.54,0.6,2.75,
9/30/2010,4.32,0.8,3.75,0.7,3.52,0.6,2.75,
10/7/2010,4.27,0.8,3.72,0.7,3.47,0.6,2.74,
10/14/2010,4.19,0.8,3.62,0.7,3.47,0.6,2.74,
10/21/2010,4.21,0.8,3.64,0.7,3.45,0.6,2.76,
10/28/2010,4.23,0.8,3.66,0.7,3.41,0.6,2.75,
11/4/2010,4.24,0.8,3.63,0.7,3.39,0.6,2.75,
11/11/2010,4.17,0.8,3.57,0.8,3.25,0.7,2.75,
11/18/2010,4.39,0.9,3.76,0.7,3.4,0.7,2.75,
11/24/2010,4.4,0.8,3.77,0.7,3.45,0.6,2.75,
12/2/2010,4.46,0.8,3.81,0.7,3.49,0.6,2.75,
12/9/2010,4.61,0.7,3.96,0.7,3.6,0.6,2.75,
12/16/2010,4.83,0.7,4.17,0.7,3.77,0.7,2.74,
12/23/2010,4.81,0.7,4.15,0.7,3.75,0.6,2.75,
12/30/2010,4.86,0.8,4.2,0.8,3.77,0.7,2.75,
1/6/2011,4.77,0.8,4.13,0.8,3.75,0.7,2.75,
1/13/2011,4.71,0.8,4.08,0.7,3.72,0.7,2.75,
1/20/2011,4.74,0.8,4.05,0.8,3.69,0.7,2.75,
1/27/2011,4.8,0.7,4.09,0.7,3.7,0.7,2.74,
2/3/2011,4.81,0.8,4.08,0.8,3.69,0.7,2.74,
2/10/2011,5.05,0.7,4.29,0.7,3.92,0.6,2.75,
2/17/2011,5,0.7,4.27,0.7,3.87,0.6,2.75,
2/24/2011,4.95,0.6,4.22,0.7,3.8,0.6,2.74,
3/3/2011,4.87,0.7,4.15,0.7,3.72,0.6,2.74,
3/10/2011,4.88,0.7,4.15,0.7,3.73,0.6,2.74,
3/17/2011,4.76,0.7,3.97,0.7,3.57,0.6,2.74,
3/24/2011,4.81,0.7,4.04,0.7,3.62,0.6,2.74,
3/31/2011,4.86,0.7,4.09,0.7,3.7,0.7,2.74,
4/7/2011,4.87,0.7,4.1,0.7,3.72,0.6,2.74,
4/14/2011,4.91,0.6,4.13,0.7,3.78,0.6,2.74,
4/21/2011,4.8,0.7,4.02,0.7,3.61,0.6,2.74,
4/28/2011,4.78,0.7,3.97,0.7,3.51,0.6,2.75,
5/5/2011,4.71,0.7,3.89,0.7,3.47,0.6,2.74,
5/12/2011,4.63,0.7,3.82,0.7,3.41,0.6,2.74,
5/19/2011,4.61,0.7,3.8,0.7,3.48,0.6,2.74,
5/26/2011,4.6,0.7,3.78,0.7,3.41,0.5,2.74,
6/2/2011,4.55,0.6,3.74,0.7,3.41,0.6,2.74,
6/9/2011,4.49,0.7,3.68,0.7,3.28,0.5,2.74,
6/16/2011,4.5,0.7,3.67,0.7,3.27,0.6,2.74,
6/23/2011,4.5,0.8,3.69,0.7,3.25,0.6,2.74,
6/30/2011,4.51,0.7,3.69,0.7,3.22,0.6,2.74,
7/7/2011,4.6,0.7,3.75,0.7,3.3,0.6,2.74,
7/14/2011,4.51,0.7,3.65,0.6,3.29,0.6,2.74,
7/21/2011,4.52,0.7,3.66,0.7,3.27,0.5,2.74,
7/28/2011,4.55,0.8,3.66,0.7,3.25,0.6,2.74,
8/4/2011,4.39,0.8,3.54,0.7,3.18,0.6,2.7,
8/11/2011,4.32,0.7,3.5,0.7,3.13,0.5,2.74,
8/18/2011,4.15,0.7,3.36,0.6,3.08,0.5,2.73,
8/25/2011,4.22,0.7,3.44,0.6,3.07,0.5,2.74,
9/1/2011,4.22,0.7,3.39,0.6,2.96,0.6,2.74,
9/8/2011,4.12,0.7,3.33,0.6,2.96,0.6,2.74,
9/15/2011,4.09,0.7,3.3,0.6,2.99,0.6,2.74,
9/22/2011,4.09,0.7,3.29,0.6,3.02,0.6,2.74,
9/29/2011,4.01,0.7,3.28,0.7,3.02,0.6,2.74,
10/6/2011,3.94,0.8,3.26,0.8,2.96,0.6,2.75,
10/13/2011,4.12,0.8,3.37,0.8,3.06,0.6,2.74,
10/20/2011,4.11,0.8,3.38,0.8,3.01,0.6,2.74,
10/27/2011,4.1,0.8,3.38,0.7,3.08,0.5,2.74,
11/3/2011,4,0.7,3.31,0.7,2.96,0.6,2.74,
11/10/2011,3.99,0.7,3.3,0.8,2.98,0.6,2.74,
11/17/2011,4,0.7,3.31,0.7,2.97,0.6,2.74,
11/23/2011,3.98,0.7,3.3,0.7,2.91,0.6,2.75,
12/1/2011,4,0.7,3.3,0.8,2.9,0.6,2.74,
12/8/2011,3.99,0.7,3.27,0.8,2.93,0.5,2.74,
12/15/2011,3.94,0.8,3.21,0.8,2.86,0.6,2.75,
12/22/2011,3.91,0.7,3.21,0.8,2.85,0.6,2.74,
12/29/2011,3.95,0.7,3.24,0.8,2.88,0.6,2.74,
1/5/2012,3.91,0.8,3.23,0.8,2.86,0.7,2.74,
1/12/2012,3.89,0.7,3.16,0.8,2.82,0.7,2.74,
1/19/2012,3.88,0.8,3.17,0.8,2.82,0.7,2.74,
1/26/2012,3.98,0.7,3.24,0.8,2.85,0.7,2.74,
2/2/2012,3.87,0.8,3.14,0.8,2.8,0.7,2.74,
2/9/2012,3.87,0.8,3.16,0.7,2.83,0.7,2.74,
2/16/2012,3.87,0.8,3.16,0.8,2.82,0.8,2.74,
2/23/2012,3.95,0.8,3.19,0.8,2.8,0.7,2.74,
3/1/2012,3.9,0.8,3.17,0.8,2.83,0.7,2.74,
3/8/2012,3.88,0.8,3.13,0.8,2.81,0.7,2.74,
3/15/2012,3.92,0.8,3.16,0.8,2.83,0.8,2.74,
3/22/2012,4.08,0.8,3.3,0.8,2.96,0.7,2.74,
3/29/2012,3.99,0.7,3.23,0.8,2.9,0.8,2.74,
4/5/2012,3.98,0.7,3.21,0.7,2.86,0.8,2.74,
4/12/2012,3.88,0.7,3.11,0.7,2.85,0.7,2.74,
4/19/2012,3.9,0.8,3.13,0.7,2.78,0.7,2.74,
4/26/2012,3.88,0.7,3.12,0.6,2.85,0.6,2.74,
5/3/2012,3.84,0.8,3.07,0.7,2.85,0.7,2.74,
5/10/2012,3.83,0.7,3.05,0.7,2.81,0.5,2.74,
5/17/2012,3.79,0.7,3.04,0.7,2.83,0.6,2.74,
5/24/2012,3.78,0.8,3.04,0.7,2.83,0.6,2.74,
5/31/2012,3.75,0.8,2.97,0.7,2.84,0.6,2.74,
6/7/2012,3.67,0.7,2.94,0.7,2.84,0.7,2.74,
6/14/2012,3.71,0.7,2.98,0.7,2.8,0.6,2.74,
6/21/2012,3.66,0.7,2.95,0.6,2.77,0.6,2.74,
6/28/2012,3.66,0.7,2.94,0.7,2.79,0.6,2.74,
7/5/2012,3.62,0.8,2.89,0.7,2.79,0.6,2.74,
7/12/2012,3.56,0.7,2.86,0.7,2.74,0.6,2.74,
7/19/2012,3.53,0.7,2.83,0.6,2.69,0.6,2.74,
7/26/2012,3.49,0.7,2.8,0.7,2.74,0.6,2.74,
8/2/2012,3.55,0.7,2.83,0.6,2.75,0.6,2.75,
8/9/2012,3.59,0.6,2.84,0.6,2.77,0.6,2.75,
8/16/2012,3.62,0.6,2.88,0.6,2.76,0.6,2.75,
8/23/2012,3.66,0.7,2.89,0.7,2.8,0.6,2.74,
8/30/2012,3.59,0.6,2.86,0.6,2.78,0.6,2.74,
9/6/2012,3.55,0.7,2.86,0.6,2.75,0.7,2.74,
9/13/2012,3.55,0.6,2.85,0.6,2.72,0.6,2.74,
9/20/2012,3.49,0.6,2.77,0.6,2.76,0.6,2.75,
9/27/2012,3.4,0.6,2.73,0.6,2.71,0.6,2.74,
10/4/2012,3.36,0.6,2.69,0.5,2.72,0.6,2.74,
10/11/2012,3.39,0.7,2.7,0.6,2.73,0.6,2.74,
10/18/2012,3.37,0.7,2.66,0.6,2.75,0.6,2.74,
10/25/2012,3.41,0.7,2.72,0.6,2.75,0.6,2.75,
11/1/2012,3.39,0.7,2.7,0.7,2.74,0.6,2.74,
11/8/2012,3.4,0.7,2.69,0.7,2.73,0.6,2.74,
11/15/2012,3.34,0.7,2.65,0.7,2.74,0.6,2.74,
11/21/2012,3.31,0.7,2.63,0.6,2.74,0.6,2.74,
11/29/2012,3.32,0.8,2.64,0.6,2.72,0.6,2.74,
12/6/2012,3.34,0.7,2.67,0.6,2.69,0.6,2.74,
12/13/2012,3.32,0.7,2.66,0.6,2.7,0.6,2.74,
12/20/2012,3.37,0.7,2.65,0.7,2.71,0.7,2.74,
12/27/2012,3.35,0.7,2.65,0.7,2.7,0.7,2.74,
1/3/2013,3.34,0.7,2.64,0.6,2.71,0.6,2.76,
1/10/2013,3.4,0.7,2.66,0.7,2.67,0.6,2.74,
1/17/2013,3.38,0.7,2.66,0.7,2.67,0.6,2.76,
1/24/2013,3.42,0.7,2.71,0.7,2.67,0.5,2.76,
1/31/2013,3.53,0.7,2.81,0.7,2.7,0.6,2.76,
2/7/2013,3.53,0.8,2.77,0.7,2.63,0.6,2.76,
2/14/2013,3.53,0.8,2.77,0.8,2.64,0.6,2.76,
2/21/2013,3.56,0.8,2.77,0.8,2.64,0.5,2.76,
2/28/2013,3.51,0.8,2.76,0.8,2.61,0.6,2.76,
3/7/2013,3.52,0.7,2.76,0.7,2.63,0.5,2.76,
3/14/2013,3.63,0.8,2.79,0.8,2.61,0.6,2.76,
3/21/2013,3.54,0.8,2.72,0.7,2.61,0.6,2.75,
3/28/2013,3.57,0.8,2.76,0.7,2.68,0.6,2.75,
4/4/2013,3.54,0.8,2.74,0.7,2.65,0.5,2.75,
4/11/2013,3.43,0.8,2.65,0.7,2.62,0.5,2.75,
4/18/2013,3.41,0.7,2.64,0.7,2.6,0.5,2.75,
4/25/2013,3.4,0.8,2.61,0.7,2.58,0.5,2.74,
5/2/2013,3.35,0.7,2.56,0.7,2.56,0.5,2.75,
5/9/2013,3.42,0.7,2.61,0.7,2.58,0.5,2.76,
5/16/2013,3.51,0.7,2.69,0.7,2.62,0.5,2.75,
5/23/2013,3.59,0.7,2.77,0.7,2.63,0.5,2.75,
5/30/2013,3.81,0.8,2.98,0.7,2.66,0.5,2.75,
6/6/2013,3.91,0.7,3.03,0.7,2.74,0.5,2.75,
6/13/2013,3.98,0.7,3.1,0.7,2.79,0.6,2.76,
6/20/2013,3.93,0.8,3.04,0.7,2.79,0.5,2.76,
6/27/2013,4.46,0.8,3.5,0.8,3.08,0.7,2.74,
7/3/2013,4.29,0.7,3.39,0.7,3.1,0.7,2.75,
7/11/2013,4.51,0.8,3.53,0.8,3.26,0.7,2.75,
7/18/2013,4.37,0.7,3.41,0.7,3.17,0.6,2.75,
7/25/2013,4.31,0.8,3.39,0.8,3.16,0.7,2.74,
8/1/2013,4.39,0.7,3.43,0.7,3.18,0.6,2.74,
8/8/2013,4.4,0.7,3.43,0.7,3.19,0.5,2.75,
8/15/2013,4.4,0.7,3.44,0.6,3.23,0.5,2.74,
8/22/2013,4.58,0.8,3.6,0.7,3.21,0.5,2.75,
8/29/2013,4.51,0.7,3.54,0.7,3.24,0.5,2.75,
9/5/2013,4.57,0.7,3.59,0.7,3.28,0.5,2.75,
9/12/2013,4.57,0.8,3.59,0.7,3.22,0.5,2.75,
9/19/2013,4.5,0.7,3.54,0.7,3.11,0.5,2.74,
9/26/2013,4.32,0.7,3.37,0.7,3.07,0.5,2.75,
10/3/2013,4.22,0.7,3.29,0.7,3.03,0.6,2.74,
10/10/2013,4.23,0.7,3.31,0.7,3.05,0.4,2.74,
10/17/2013,4.28,0.7,3.33,0.7,3.07,0.4,2.74,
10/24/2013,4.13,0.8,3.24,0.6,3,0.4,2.74,
10/31/2013,4.1,0.7,3.2,0.7,2.96,0.4,2.76,
11/7/2013,4.16,0.8,3.27,0.7,2.96,0.5,2.75,
11/14/2013,4.35,0.7,3.35,0.7,3.01,0.4,2.74,
11/21/2013,4.22,0.7,3.27,0.7,2.95,0.5,2.75,
11/27/2013,4.29,0.7,3.3,0.7,2.94,0.5,2.74,
12/5/2013,4.46,0.5,3.47,0.4,2.99,0.4,2.74,
12/12/2013,4.42,0.7,3.43,0.7,2.94,0.4,2.74,
12/19/2013,4.47,0.7,3.51,0.6,2.96,0.4,2.75,
12/26/2013,4.48,0.7,3.52,0.7,3,0.4,2.74,
1/2/2014,4.53,0.8,3.55,0.7,3.05,0.4,2.74,
1/9/2014,4.51,0.7,3.56,0.6,3.15,0.4,2.75,
1/16/2014,4.41,0.7,3.45,0.7,3.1,0.5,2.74,
1/23/2014,4.39,0.7,3.44,0.7,3.15,0.5,2.74,
1/30/2014,4.32,0.7,3.4,0.6,3.12,0.5,2.74,
2/6/2014,4.23,0.7,3.33,0.7,3.08,0.5,2.74,
2/13/2014,4.28,0.7,3.33,0.7,3.05,0.5,2.74,
2/20/2014,4.33,0.7,3.35,0.7,3.08,0.5,2.74,
2/27/2014,4.37,0.7,3.39,0.7,3.05,0.5,2.74,
3/6/2014,4.28,0.7,3.32,0.6,3.03,0.4,2.75,
3/13/2014,4.37,0.6,3.38,0.6,3.09,0.4,2.74,
3/20/2014,4.32,0.6,3.32,0.6,3.02,0.4,2.74,
3/27/2014,4.4,0.6,3.42,0.6,3.1,0.5,2.74,
4/3/2014,4.41,0.7,3.47,0.6,3.12,0.5,2.75,
4/10/2014,4.34,0.7,3.38,0.6,3.09,0.5,2.74,
4/17/2014,4.27,0.7,3.33,0.6,3.03,0.5,2.73,
4/24/2014,4.33,0.6,3.39,0.6,3.03,0.5,2.73,
5/1/2014,4.29,0.7,3.38,0.6,3.05,0.4,2.74,
5/8/2014,4.21,0.6,3.32,0.6,3.05,0.5,2.74,
5/15/2014,4.2,0.6,3.29,0.6,3.01,0.4,2.72,
5/22/2014,4.14,0.6,3.25,0.5,2.96,0.4,2.74,
5/29/2014,4.12,0.6,3.21,0.5,2.96,0.3,2.72,
6/5/2014,4.14,0.5,3.23,0.5,2.93,0.4,2.73,
6/12/2014,4.2,0.6,3.31,0.5,3.05,0.4,2.74,
6/19/2014,4.17,0.6,3.3,0.5,3,0.4,2.73,
6/26/2014,4.14,0.5,3.22,0.5,2.98,0.3,2.73,
7/3/2014,4.12,0.5,3.22,0.5,2.98,0.4,2.73,
7/10/2014,4.15,0.7,3.24,0.6,2.99,0.4,2.73,
7/17/2014,4.13,0.6,3.23,0.5,2.97,0.4,2.74,
7/24/2014,4.13,0.6,3.26,0.6,2.99,0.5,2.74,
7/31/2014,4.12,0.6,3.23,0.7,3.01,0.5,2.74,
8/7/2014,4.14,0.7,3.27,0.6,2.98,0.5,2.73,
8/14/2014,4.12,0.6,3.24,0.6,2.97,0.5,2.74,
8/21/2014,4.1,0.5,3.23,0.6,2.95,0.5,2.74,
8/28/2014,4.1,0.5,3.25,0.6,2.97,0.5,2.74,
9/4/2014,4.1,0.5,3.24,0.5,2.97,0.5,2.74,
9/11/2014,4.12,0.5,3.26,0.5,2.99,0.5,2.74,
9/18/2014,4.23,0.5,3.37,0.5,3.06,0.5,2.74,
9/25/2014,4.2,0.5,3.36,0.5,3.08,0.4,2.74,
10/2/2014,4.19,0.4,3.36,0.5,3.06,0.5,2.74,
10/9/2014,4.12,0.5,3.3,0.5,3.05,0.5,2.74,
10/16/2014,3.97,0.5,3.18,0.5,2.92,0.5,2.74,
10/23/2014,3.92,0.5,3.08,0.5,2.91,0.5,2.75,
10/30/2014,3.98,0.5,3.13,0.5,2.94,0.5,2.74,
11/6/2014,4.02,0.5,3.21,0.5,2.97,0.5,2.74,
11/13/2014,4.01,0.5,3.2,0.5,3.02,0.5,2.74,
11/20/2014,3.99,0.5,3.17,0.5,3.01,0.5,2.74,
11/26/2014,3.97,0.5,3.17,0.5,3.01,0.5,2.74,
12/4/2014,3.89,0.5,3.1,0.5,2.94,0.5,2.74,
12/11/2014,3.93,0.5,3.2,0.5,2.98,0.5,2.74,
12/18/2014,3.8,0.6,3.09,0.6,2.95,0.5,2.74,
12/24/2014,3.83,0.6,3.1,0.6,3.01,0.5,2.74,
12/31/2014,3.87,0.6,3.15,0.6,3.01,0.5,2.74,
1/8/2015,3.73,0.6,3.05,0.5,2.98,0.5,2.74,
1/15/2015,3.66,0.6,2.98,0.5,2.9,0.4,2.74,
1/22/2015,3.63,0.7,2.93,0.6,2.83,0.4,2.74,
1/29/2015,3.66,0.6,2.98,0.5,2.86,0.4,2.74,
2/5/2015,3.59,0.7,2.92,0.6,2.82,0.4,2.74,
2/12/2015,3.69,0.6,2.99,0.6,2.97,0.5,2.74,
2/19/2015,3.76,0.6,3.05,0.6,2.97,0.5,2.74,
2/26/2015,3.8,0.6,3.07,0.6,2.99,0.5,2.74,
3/5/2015,3.75,0.6,3.03,0.6,2.96,0.5,2.74,
3/12/2015,3.86,0.6,3.1,0.6,3.01,0.5,2.74,
3/19/2015,3.78,0.6,3.06,0.6,2.97,0.5,2.74,
3/26/2015,3.69,0.6,2.97,0.6,2.92,0.4,2.74,
4/2/2015,3.7,0.6,2.98,0.6,2.92,0.5,2.74,
4/9/2015,3.66,0.6,2.93,0.6,2.83,0.5,2.73,
4/16/2015,3.67,0.7,2.94,0.5,2.88,0.5,2.74,
4/23/2015,3.65,0.6,2.92,0.6,2.84,0.4,2.74,
4/30/2015,3.68,0.6,2.94,0.6,2.85,0.5,2.73,
5/7/2015,3.8,0.6,3.02,0.6,2.9,0.4,2.73,
5/14/2015,3.85,0.6,3.07,0.5,2.89,0.5,2.74,
5/21/2015,3.84,0.7,3.05,0.6,2.88,0.5,2.74,
5/28/2015,3.87,0.6,3.11,0.5,2.9,0.5,2.74,
6/4/2015,3.87,0.6,3.08,0.5,2.96,0.5,2.74,
6/11/2015,4.04,0.6,3.25,0.6,3.01,0.4,2.74,
6/18/2015,4,0.7,3.23,0.5,3,0.4,2.74,
6/25/2015,4.02,0.7,3.21,0.6,2.98,0.4,2.74,
7/2/2015,4.08,0.6,3.24,0.6,2.99,0.4,2.73,
7/9/2015,4.04,0.6,3.2,0.5,2.93,0.4,2.74,
7/16/2015,4.09,0.6,3.25,0.6,2.96,0.5,2.74,
7/23/2015,4.04,0.6,3.21,0.6,2.97,0.5,2.74,
7/30/2015,3.98,0.6,3.17,0.6,2.95,0.4,2.74,
8/6/2015,3.91,0.6,3.13,0.6,2.95,0.4,2.74,
8/13/2015,3.94,0.6,3.17,0.6,2.93,0.5,2.74,
8/20/2015,3.93,0.6,3.15,0.6,2.94,0.5,2.74,
8/27/2015,3.84,0.6,3.06,0.6,2.9,0.4,2.74,
9/3/2015,3.89,0.6,3.09,0.6,2.93,0.4,2.74,
9/10/2015,3.9,0.6,3.1,0.7,2.91,0.5,2.74,
9/17/2015,3.91,0.6,3.11,0.6,2.92,0.5,2.74,
9/24/2015,3.86,0.7,3.08,0.6,2.91,0.5,2.74,
10/1/2015,3.85,0.6,3.07,0.7,2.91,0.4,2.74,
10/8/2015,3.76,0.6,2.99,0.6,2.88,0.4,2.74,
10/15/2015,3.82,0.6,3.03,0.6,2.88,0.4,2.74,
10/22/2015,3.79,0.6,2.98,0.5,2.89,0.4,2.74,
10/29/2015,3.76,0.6,2.98,0.6,2.89,0.4,2.74,
11/5/2015,3.87,0.6,3.09,0.6,2.96,0.4,2.75,
11/12/2015,3.98,0.6,3.2,0.6,3.03,0.4,2.75,
11/19/2015,3.97,0.6,3.18,0.5,2.98,0.5,2.75,
11/25/2015,3.95,0.7,3.18,0.6,3.01,0.5,2.75,
12/3/2015,3.93,0.6,3.16,0.5,2.99,0.5,2.75,
12/10/2015,3.95,0.6,3.19,0.5,3.03,0.5,2.75,
12/17/2015,3.97,0.6,3.22,0.5,3.03,0.4,2.75,
12/24/2015,3.96,0.6,3.22,0.6,3.06,0.4,2.75,
12/31/2015,4.01,0.6,3.24,0.6,3.08,0.4,2.74,
1/7/2016,3.97,0.6,3.26,0.5,3.09,0.5,2.75,0.88
1/14/2016,3.92,0.6,3.19,0.5,3.01,0.4,2.75,0.91
1/21/2016,3.81,0.6,3.1,0.5,2.91,0.5,2.74,0.9
1/28/2016,3.79,0.6,3.07,0.5,2.9,0.5,2.74,0.89
2/4/2016,3.72,0.6,3.01,0.5,2.85,0.4,2.74,0.87
2/11/2016,3.65,0.5,2.95,0.5,2.83,0.4,2.74,0.82
2/18/2016,3.65,0.5,2.95,0.5,2.85,0.4,2.74,0.8
2/25/2016,3.62,0.6,2.93,0.5,2.79,0.5,2.73,0.83
3/3/2016,3.64,0.5,2.94,0.5,2.84,0.5,2.74,0.8
3/10/2016,3.68,0.5,2.96,0.5,2.92,0.4,2.74,0.76
3/17/2016,3.73,0.5,2.99,0.4,2.93,0.5,2.74,0.8
3/24/2016,3.71,0.5,2.96,0.4,2.89,0.5,2.74,0.82
3/31/2016,3.71,0.5,2.98,0.4,2.9,0.5,2.74,0.81
4/7/2016,3.59,0.5,2.88,0.4,2.82,0.5,2.73,0.77
4/14/2016,3.58,0.5,2.86,0.5,2.84,0.4,2.73,0.74
4/21/2016,3.59,0.6,2.85,0.5,2.81,0.5,2.74,0.78
4/28/2016,3.66,0.6,2.89,0.6,2.86,0.5,2.73,0.8
5/5/2016,3.61,0.6,2.86,0.5,2.8,0.5,2.73,0.81
5/12/2016,3.57,0.5,2.81,0.5,2.78,0.5,2.74,0.79
5/19/2016,3.58,0.6,2.81,0.5,2.8,0.5,2.74,0.78
5/26/2016,3.64,0.5,2.89,0.5,2.87,0.5,2.75,0.77
6/2/2016,3.66,0.5,2.92,0.5,2.88,0.5,2.74,0.78
6/9/2016,3.6,0.5,2.87,0.5,2.82,0.5,2.74,0.78
6/16/2016,3.54,0.5,2.81,0.5,2.74,0.5,2.74,0.8
6/23/2016,3.56,0.6,2.83,0.5,2.74,0.5,2.74,0.82
6/30/2016,3.48,0.5,2.78,0.4,2.7,0.5,2.74,0.78
7/7/2016,3.41,0.5,2.74,0.4,2.68,0.5,2.75,0.73
7/14/2016,3.42,0.5,2.72,0.5,2.76,0.4,2.74,0.66
7/21/2016,3.45,0.5,2.75,0.5,2.78,0.5,2.74,0.67
7/28/2016,3.48,0.5,2.78,0.5,2.78,0.5,2.74,0.7
8/4/2016,3.43,0.5,2.74,0.5,2.73,0.5,2.74,0.7
8/11/2016,3.45,0.5,2.76,0.5,2.74,0.5,2.74,0.71
8/18/2016,3.43,0.5,2.74,0.5,2.76,0.4,2.74,0.67
8/25/2016,3.43,0.6,2.74,0.5,2.75,0.4,2.74,0.68
9/1/2016,3.46,0.5,2.77,0.5,2.83,0.4,2.74,0.63
9/8/2016,3.44,0.6,2.76,0.5,2.81,0.4,2.74,0.63
9/15/2016,3.5,0.5,2.77,0.5,2.82,0.4,2.74,0.68
9/22/2016,3.48,0.6,2.76,0.5,2.8,0.5,2.74,0.68
9/29/2016,3.42,0.5,2.72,0.5,2.81,0.4,2.74,0.61
10/6/2016,3.42,0.5,2.72,0.5,2.8,0.4,2.74,0.62
10/13/2016,3.47,0.6,2.76,0.6,2.82,0.4,2.74,0.65
10/20/2016,3.52,0.5,2.79,0.5,2.85,0.4,2.74,0.67
10/27/2016,3.47,0.6,2.78,0.5,2.84,0.4,2.74,0.63
11/3/2016,3.54,0.5,2.84,0.5,2.87,0.4,2.74,0.67
11/10/2016,3.57,0.5,2.88,0.5,2.88,0.4,2.74,0.69
11/17/2016,3.94,0.5,3.14,0.5,3.07,0.4,2.74,0.87
11/23/2016,4.03,0.5,3.25,0.5,3.12,0.4,2.74,0.91
12/1/2016,4.08,0.5,3.34,0.5,3.15,0.4,2.74,0.93
12/8/2016,4.13,0.5,3.36,0.5,3.17,0.5,2.74,0.96
12/15/2016,4.16,0.5,3.37,0.5,3.19,0.4,2.74,0.97
12/22/2016,4.3,0.5,3.52,0.5,3.32,0.4,2.74,0.98
12/29/2016,4.32,0.5,3.55,0.5,3.3,0.5,2.74,1.02
1/5/2017,4.2,0.5,3.44,0.5,3.33,0.4,2.74,0.87
1/12/2017,4.12,0.5,3.37,0.5,3.23,0.5,2.74,0.89
1/19/2017,4.09,0.5,3.34,0.5,3.21,0.4,2.74,0.88
1/26/2017,4.19,0.4,3.4,0.4,3.2,0.4,2.74,0.99
2/2/2017,4.19,0.5,3.41,0.5,3.23,0.4,2.74,0.96
2/9/2017,4.17,0.4,3.39,0.4,3.21,0.4,2.74,0.96
2/16/2017,4.15,0.5,3.35,0.5,3.18,0.4,2.74,0.97
2/23/2017,4.16,0.5,3.37,0.5,3.16,0.4,2.74,1
3/2/2017,4.1,0.5,3.32,0.5,3.14,0.4,2.74,0.96
3/9/2017,4.21,0.5,3.42,0.5,3.23,0.4,2.74,0.98
3/16/2017,4.3,0.5,3.5,0.5,3.28,0.4,2.74,1.02
3/23/2017,4.23,0.5,3.44,0.5,3.24,0.4,2.74,0.99
3/30/2017,4.14,0.5,3.39,0.4,3.18,0.4,2.74,0.96
4/6/2017,4.1,0.5,3.36,0.5,3.19,0.4,2.74,0.91
4/13/2017,4.08,0.5,3.34,0.5,3.18,0.4,2.74,0.9
4/20/2017,3.97,0.5,3.23,0.5,3.1,0.4,2.74,0.87
4/27/2017,4.03,0.5,3.27,0.4,3.12,0.4,2.74,0.91
5/4/2017,4.02,0.5,3.27,0.5,3.13,0.5,2.74,0.89
5/11/2017,4.05,0.5,3.29,0.5,3.14,0.5,2.74,0.91
5/18/2017,4.02,0.5,3.27,0.5,3.13,0.5,2.74,0.89
5/25/2017,3.95,0.5,3.19,0.5,3.07,0.4,2.73,0.88
6/1/2017,3.94,0.5,3.19,0.5,3.11,0.5,2.74,0.83
6/8/2017,3.89,0.5,3.16,0.5,3.11,0.5,2.74,0.78
6/15/2017,3.91,0.5,3.18,0.5,3.15,0.5,2.74,0.76
6/22/2017,3.9,0.5,3.17,0.5,3.14,0.5,2.74,0.76
6/29/2017,3.88,0.5,3.17,0.5,3.17,0.5,2.74,0.71
7/6/2017,3.96,0.6,3.22,0.5,3.21,0.5,2.74,0.75
7/13/2017,4.03,0.5,3.29,0.5,3.28,0.5,2.74,0.75
7/20/2017,3.96,0.6,3.23,0.5,3.21,0.5,2.74,0.75
7/27/2017,3.92,0.5,3.2,0.5,3.18,0.5,2.74,0.74
8/3/2017,3.93,0.5,3.18,0.5,3.15,0.5,2.74,0.78
8/10/2017,3.9,0.5,3.18,0.5,3.14,0.5,2.74,0.76
8/17/2017,3.89,0.4,3.16,0.5,3.16,0.4,2.74,0.73
8/24/2017,3.86,0.5,3.16,0.5,3.17,0.5,2.74,0.69
8/31/2017,3.82,0.5,3.12,0.5,3.14,0.5,2.74,0.68
9/7/2017,3.78,0.5,3.08,0.5,3.15,0.4,2.74,0.63
9/14/2017,3.78,0.5,3.08,0.5,3.13,0.4,2.74,0.65
9/21/2017,3.83,0.5,3.13,0.5,3.17,0.4,2.74,0.66
9/28/2017,3.83,0.6,3.13,0.5,3.2,0.5,2.74,0.63
10/5/2017,3.85,0.5,3.15,0.5,3.18,0.4,2.74,0.67
10/12/2017,3.91,0.5,3.21,0.5,3.16,0.4,2.74,0.75
10/19/2017,3.88,0.5,3.19,0.5,3.17,0.4,2.74,0.71
10/26/2017,3.94,0.5,3.25,0.5,3.21,0.4,2.74,0.73
11/2/2017,3.94,0.5,3.27,0.5,3.23,0.5,2.74,0.71
11/9/2017,3.9,0.4,3.24,0.5,3.22,0.5,2.74,0.68
11/16/2017,3.95,0.5,3.31,0.5,3.21,0.4,2.74,0.74
11/22/2017,3.92,0.5,3.32,0.4,3.22,0.4,2.74,0.7
11/30/2017,3.9,0.5,3.3,0.5,3.32,0.3,2.74,0.58
12/7/2017,3.94,0.5,3.36,0.5,3.35,0.3,2.75,0.59
12/14/2017,3.93,0.5,3.36,0.5,3.36,0.3,2.75,0.57
12/21/2017,3.94,0.5,3.38,0.5,3.39,0.3,2.75,0.55
12/28/2017,3.99,0.5,3.44,0.5,3.47,0.3,2.75,0.52
1/4/2018,3.95,0.5,3.38,0.5,3.45,0.4,2.75,0.5
1/11/2018,3.99,0.5,3.44,0.5,3.46,0.4,2.75,0.53
1/18/2018,4.04,0.6,3.49,0.5,3.46,0.3,2.74,0.58
1/25/2018,4.15,0.5,3.62,0.5,3.52,0.4,2.75,0.63
2/1/2018,4.22,0.5,3.68,0.5,3.53,0.4,2.75,0.69
2/8/2018,4.32,0.6,3.77,0.5,3.57,0.4,2.75,0.75
2/15/2018,4.38,0.6,3.84,0.5,3.63,0.4,2.75,0.75
2/22/2018,4.4,0.5,3.85,0.5,3.65,0.4,2.75,0.75
3/1/2018,4.43,0.5,3.9,0.5,3.62,0.4,2.75,0.81
3/8/2018,4.46,0.5,3.94,0.5,3.63,0.4,2.75,0.83
3/15/2018,4.44,0.5,3.9,0.5,3.67,0.4,2.75,0.77
3/22/2018,4.45,0.5,3.91,0.5,3.68,0.4,2.75,0.77
3/29/2018,4.44,0.5,3.9,0.5,3.66,0.4,2.76,0.78
4/5/2018,4.4,0.5,3.87,0.4,3.62,0.4,2.76,0.78
4/12/2018,4.42,0.4,3.87,0.4,3.61,0.3,2.75,0.81
4/19/2018,4.47,0.5,3.94,0.4,3.67,0.3,2.76,0.8
4/26/2018,4.58,0.5,4.02,0.4,3.74,0.3,2.76,0.84
5/3/2018,4.55,0.5,4.03,0.4,3.69,0.3,2.76,0.86
5/10/2018,4.55,0.5,4.01,0.4,3.77,0.3,2.76,0.78
5/17/2018,4.61,0.4,4.08,0.4,3.82,0.3,2.77,0.79
5/24/2018,4.66,0.4,4.15,0.4,3.87,0.3,2.77,0.79
5/31/2018,4.56,0.4,4.06,0.4,3.8,0.3,2.77,0.76
6/7/2018,4.54,0.5,4.01,0.4,3.74,0.4,2.77,0.8
6/14/2018,4.62,0.4,4.07,0.4,3.83,0.3,2.77,0.79
6/21/2018,4.57,0.5,4.04,0.4,3.83,0.3,2.77,0.74
6/28/2018,4.55,0.5,4.04,0.5,3.87,0.3,2.77,0.68
7/5/2018,4.52,0.5,3.99,0.4,3.74,0.3,2.77,0.78
7/12/2018,4.53,0.4,4.02,0.4,3.86,0.3,2.76,0.67
7/19/2018,4.52,0.4,4,0.4,3.87,0.3,2.76,0.65
7/26/2018,4.54,0.5,4.02,0.4,3.87,0.4,2.76,0.67
8/2/2018,4.6,0.4,4.08,0.4,3.93,0.2,2.76,0.67
8/9/2018,4.59,0.5,4.05,0.5,3.9,0.3,2.77,0.69
8/16/2018,4.53,0.5,4.01,0.5,3.87,0.4,2.75,0.66
8/23/2018,4.51,0.5,3.98,0.5,3.82,0.3,2.75,0.69
8/30/2018,4.52,0.5,3.97,0.5,3.85,0.3,2.77,0.67
9/6/2018,4.54,0.5,3.99,0.4,3.93,0.3,2.77,0.61
9/13/2018,4.6,0.5,4.06,0.5,3.93,0.3,2.77,0.67
9/20/2018,4.65,0.5,4.11,0.5,3.92,0.4,2.76,0.73
9/27/2018,4.72,0.5,4.16,0.5,3.97,0.3,2.76,0.75
10/4/2018,4.71,0.4,4.15,0.4,4.01,0.3,2.76,0.7
10/11/2018,4.9,0.5,4.29,0.5,4.07,0.3,2.77,0.83
10/18/2018,4.85,0.5,4.26,0.4,4.1,0.3,2.77,0.75
10/25/2018,4.86,0.5,4.29,0.4,4.14,0.3,2.77,0.72
11/1/2018,4.83,0.5,4.23,0.5,4.04,0.3,2.77,0.79
11/8/2018,4.94,0.5,4.33,0.5,4.14,0.3,2.77,0.8
11/15/2018,4.94,0.5,4.36,0.4,4.14,0.3,2.77,0.8
11/21/2018,4.81,0.4,4.24,0.5,4.09,0.3,2.76,0.72
11/29/2018,4.81,0.5,4.25,0.4,4.12,0.3,2.77,0.69
12/6/2018,4.75,0.5,4.21,0.4,4.07,0.3,2.78,0.68
12/13/2018,4.63,0.5,4.07,0.5,4.04,0.3,2.77,0.59
12/20/2018,4.62,0.4,4.07,0.4,3.98,0.3,2.76,0.64
12/27/2018,4.55,0.5,4.01,0.4,4,0.3,2.76,0.55
1/3/2019,4.51,0.5,3.99,0.4,3.98,0.2,2.78,0.53
1/10/2019,4.45,0.5,3.89,0.4,3.83,0.3,2.75,0.62
1/17/2019,4.45,0.4,3.88,0.4,3.87,0.3,2.77,0.58
1/24/2019,4.45,0.4,3.88,0.4,3.9,0.3,2.76,0.55
1/31/2019,4.46,0.5,3.89,0.4,3.96,0.3,2.75,0.5
2/7/2019,4.41,0.4,3.84,0.4,3.91,0.3,2.75,0.5
2/14/2019,4.37,0.4,3.81,0.4,3.88,0.3,2.77,0.49
2/21/2019,4.35,0.5,3.78,0.4,3.84,0.3,2.77,0.51
2/28/2019,4.35,0.5,3.77,0.5,3.84,0.3,2.76,0.51
3/7/2019,4.41,0.5,3.83,0.4,3.87,0.3,2.76,0.54
3/14/2019,4.31,0.4,3.76,0.4,3.84,0.3,2.75,0.47
3/21/2019,4.28,0.4,3.71,0.4,3.84,0.3,2.77,0.44
3/28/2019,4.06,0.5,3.57,0.4,3.75,0.3,2.77,0.31
4/4/2019,4.08,0.5,3.56,0.4,3.66,0.4,2.75,0.42
4/11/2019,4.12,0.5,3.6,0.4,3.8,0.4,2.75,0.32
4/18/2019,4.17,0.5,3.62,0.5,3.78,0.3,2.74,0.39
4/25/2019,4.2,0.5,3.64,0.5,3.77,0.4,2.77,0.43
5/2/2019,4.14,0.5,3.6,0.4,3.68,0.4,2.77,0.46
5/9/2019,4.1,0.5,3.57,0.4,3.63,0.4,2.75,0.47
5/16/2019,4.07,0.5,3.53,0.4,3.66,0.4,2.75,0.41
5/23/2019,4.06,0.5,3.51,0.4,3.68,0.4,2.75,0.38
5/30/2019,3.99,0.5,3.46,0.5,3.6,0.4,2.75,0.39
6/6/2019,3.82,0.5,3.28,0.5,3.52,0.4,2.75,0.3
6/13/2019,3.82,0.6,3.26,0.5,3.51,0.4,2.76,0.31
6/20/2019,3.84,0.5,3.25,0.4,3.48,0.4,2.76,0.36
6/27/2019,3.73,0.5,3.16,0.5,3.39,0.4,2.75,0.34
7/3/2019,3.75,0.6,3.18,0.5,3.45,0.4,2.75,0.3
7/11/2019,3.75,0.5,3.22,0.5,3.46,0.4,2.76,0.29
7/18/2019,3.81,0.6,3.23,0.5,3.48,0.4,2.74,0.33
7/25/2019,3.75,0.5,3.18,0.5,3.47,0.4,2.75,0.28
8/1/2019,3.75,0.6,3.2,0.5,3.46,0.4,2.74,0.29
8/8/2019,3.6,0.6,3.05,0.5,3.36,0.3,2.75,0.24
8/15/2019,3.6,0.5,3.07,0.5,3.35,0.3,2.75,0.25
8/22/2019,3.55,0.5,3.03,0.5,3.32,0.3,2.74,0.23
8/29/2019,3.58,0.5,3.06,0.5,3.31,0.4,2.74,0.27
9/5/2019,3.49,0.5,3,0.6,3.3,0.4,2.74,0.19
9/12/2019,3.56,0.5,3.09,0.5,3.36,0.3,2.74,0.2
9/19/2019,3.73,0.5,3.21,0.5,3.49,0.4,2.74,0.24
9/26/2019,3.64,0.6,3.16,0.5,3.38,0.4,2.74,0.26
10/3/2019,3.65,0.6,3.14,0.5,3.38,0.4,2.75,0.27
10/10/2019,3.57,0.6,3.05,0.5,3.35,0.3,2.75,0.22
10/17/2019,3.69,0.6,3.15,0.5,3.35,0.4,2.74,0.34
10/24/2019,3.75,0.5,3.18,0.5,3.4,0.3,2.75,0.35
10/31/2019,3.78,0.5,3.19,0.6,3.43,0.4,2.75,0.35
11/7/2019,3.69,0.5,3.13,0.4,3.39,0.3,2.76,0.3
11/14/2019,3.75,0.6,3.2,0.5,3.44,0.4,2.75,0.31
11/21/2019,3.66,0.6,3.15,0.5,3.39,0.4,2.75,0.27
11/27/2019,3.68,0.5,3.15,0.5,3.43,0.3,2.75,0.25
12/5/2019,3.68,0.5,3.14,0.4,3.39,0.4,2.75,0.29
12/12/2019,3.73,0.7,3.19,0.7,3.36,0.4,2.75,0.37
12/19/2019,3.73,0.7,3.19,0.7,3.37,0.4,2.75,0.36
12/26/2019,3.74,0.7,3.19,0.7,3.45,0.3,2.75,0.29
1/2/2020,3.72,0.7,3.16,0.7,3.46,0.3,2.76,0.26
1/9/2020,3.64,0.7,3.07,0.7,3.3,0.3,2.75,0.34
1/16/2020,3.65,0.7,3.09,0.7,3.39,0.3,2.75,0.26
1/23/2020,3.6,0.8,3.04,0.8,3.28,0.3,2.75,0.32
1/30/2020,3.51,0.7,3,0.7,3.24,0.3,2.75,0.27
2/6/2020,3.45,0.7,2.97,0.7,3.32,0.2,2.75,0.13
2/13/2020,3.47,0.7,2.97,0.8,3.28,0.3,2.75,0.19
2/20/2020,3.49,0.7,2.99,0.8,3.25,0.2,2.75,0.24
2/27/2020,3.45,0.7,2.95,0.8,3.2,0.2,2.75,0.25
3/5/2020,3.29,0.7,2.79,0.7,3.18,0.2,2.75,0.11
3/12/2020,3.36,0.7,2.77,0.7,3.01,0.2,2.75,0.35
3/19/2020,3.65,0.7,3.06,0.7,3.11,0.2,2.75,0.54
3/26/2020,3.5,0.7,2.92,0.6,3.34,0.3,2.75,0.16
4/2/2020,3.33,0.7,2.82,0.6,3.4,0.3,2.75,-0.07
4/9/2020,3.33,0.7,2.77,0.6,3.4,0.3,2.75,-0.07
4/16/2020,3.31,0.7,2.8,0.7,3.34,0.3,2.75,-0.03
4/23/2020,3.33,0.7,2.86,0.7,3.28,0.3,2.75,0.05
4/30/2020,3.23,0.7,2.77,0.6,3.14,0.4,2.75,0.09
5/7/2020,3.26,0.7,2.73,0.7,3.17,0.3,2.75,0.09
5/14/2020,3.28,0.7,2.72,0.7,3.18,0.3,2.75,0.1
5/21/2020,3.24,0.7,2.7,0.7,3.17,0.4,2.75,0.07
5/28/2020,3.15,0.8,2.62,0.7,3.13,0.4,2.75,0.02
6/4/2020,3.18,0.7,2.62,0.7,3.1,0.4,2.75,0.08
6/11/2020,3.21,0.9,2.62,0.8,3.1,0.4,2.75,0.11
6/18/2020,3.13,0.8,2.58,0.8,3.09,0.4,2.75,0.04
6/25/2020,3.13,0.8,2.59,0.8,3.08,0.5,2.75,0.05
7/2/2020,3.07,0.8,2.56,0.8,3,0.3,2.75,0.07
7/9/2020,3.03,0.8,2.51,0.8,3.02,0.3,2.75,0.01
7/16/2020,2.98,0.7,2.48,0.7,3.06,0.3,2.75,-0.08
7/23/2020,3.01,0.8,2.54,0.7,3.09,0.3,2.75,-0.08
7/30/2020,2.99,0.8,2.51,0.7,2.94,0.4,2.75,0.05
8/6/2020,2.88,0.8,2.44,0.8,2.9,0.4,2.75,-0.02
8/13/2020,2.96,0.8,2.46,0.8,2.9,0.4,2.75,0.06
8/20/2020,2.99,0.8,2.54,0.7,2.91,0.3,2.75,0.08
8/27/2020,2.91,0.8,2.46,0.7,2.91,0.2,2.75,0
